<?xml version="1.0" encoding="utf-8"?>
<LinearLayout xmlns:android="http://schemas.android.com/apk/res/android" xmlns:app="http://schemas.android.com/apk/res-auto" xmlns:aapt="http://schemas.android.com/aapt" android:orientation="vertical" android:layout_width="match_parent" android:layout_height="match_parent">
    <ScrollView android:scrollbars="vertical" android:layout_width="match_parent" android:layout_height="0dp" android:layout_marginTop="12dp" android:fillViewport="true" android:layout_weight="1">
        <TextView android:textSize="18sp" android:textColor="@color/default_text_color" android:gravity="start" android:id="@+id/option_dialog_message" android:layout_width="match_parent" android:layout_height="wrap_content" android:layout_marginStart="@dimen/margin_medium" android:layout_marginEnd="@dimen/margin_medium"/>
    </ScrollView>
    <View android:background="@color/ok_cancel_button_border" android:layout_width="match_parent" android:layout_height="1dp" android:layout_marginTop="6dp"/>
    <LinearLayout android:id="@+id/button_bar" android:layout_width="match_parent" android:layout_height="wrap_content" android:baselineAligned="false">
        <FrameLayout android:layout_width="0dp" android:layout_height="wrap_content" android:layout_weight="1">
            <Button android:gravity="center" android:layout_gravity="start" android:id="@+id/button_1" android:layout_width="wrap_content" android:layout_height="wrap_content" android:minWidth="@dimen/button_bar_button_min_width" android:textAllCaps="false" style="?android:attr/buttonBarButtonStyle"/>
        </FrameLayout>
        <FrameLayout android:layout_width="0dp" android:layout_height="wrap_content" android:layout_weight="1">
            <Button android:gravity="center" android:layout_gravity="center_horizontal" android:id="@+id/button_2" android:layout_width="wrap_content" android:layout_height="wrap_content" android:minWidth="@dimen/button_bar_button_min_width" android:textAllCaps="false" style="?android:attr/buttonBarButtonStyle"/>
        </FrameLayout>
        <FrameLayout android:layout_width="0dp" android:layout_height="wrap_content" android:layout_weight="1">
            <Button android:gravity="center" android:layout_gravity="end" android:id="@+id/button_3" android:layout_width="wrap_content" android:layout_height="wrap_content" android:minWidth="@dimen/button_bar_button_min_width" android:textAllCaps="false" style="?android:attr/buttonBarButtonStyle"/>
        </FrameLayout>
    </LinearLayout>
</LinearLayout>
