<?xml version="1.0" encoding="utf-8"?>
<ScrollView xmlns:android="http://schemas.android.com/apk/res/android" xmlns:app="http://schemas.android.com/apk/res-auto" xmlns:aapt="http://schemas.android.com/aapt" android:id="@+id/scrollView" android:layout_width="match_parent" android:layout_height="match_parent">
    <LinearLayout android:orientation="vertical" android:paddingBottom="@dimen/margin_medium" android:layout_width="match_parent" android:layout_height="wrap_content">
        <TextView android:textColor="@color/actions_accent" android:layout_gravity="center_vertical" android:layout_width="wrap_content" android:layout_height="wrap_content" android:layout_marginLeft="@dimen/margin_medium" android:layout_marginTop="@dimen/margin_medium" android:layout_marginRight="@dimen/margin_medium" android:text="@string/http_request_method" android:layout_marginHorizontal="@dimen/margin_medium"/>
        <Spinner android:entries="@array/http_request_types" android:id="@+id/requestTypeSpinner" android:layout_width="wrap_content" android:layout_height="wrap_content" android:layout_marginLeft="@dimen/margin_medium" android:layout_marginTop="@dimen/margin_small" android:layout_marginRight="@dimen/margin_medium" android:entryValues="@array/http_request_types_int" android:layout_marginHorizontal="@dimen/margin_medium"/>
        <LinearLayout android:orientation="horizontal" android:layout_width="match_parent" android:layout_height="wrap_content" android:layout_marginLeft="@dimen/margin_medium" android:layout_marginTop="@dimen/margin_small_medium" android:layout_marginRight="@dimen/margin_medium" android:layout_marginHorizontal="@dimen/margin_medium">
            <com.google.android.material.textfield.TextInputLayout android:layout_width="0dp" android:layout_height="wrap_content" android:layout_weight="1">
                <com.google.android.material.textfield.TextInputEditText android:id="@+id/url" android:layout_width="match_parent" android:layout_height="wrap_content" android:hint="@string/enter_url" android:maxLines="1" android:singleLine="true"/>
            </com.google.android.material.textfield.TextInputLayout>
            <Button android:id="@+id/urlMagicTextButton" style="@style/MagicTextButton"/>
        </LinearLayout>
        <CheckBox android:id="@+id/blockNextActionCheckBox" android:layout_width="match_parent" android:layout_height="wrap_content" android:layout_marginTop="@dimen/margin_small" android:text="@string/block_actions_until_complete" android:layout_marginStart="10dp" android:layout_marginEnd="10dp"/>
        <CheckBox android:id="@+id/allowAnyCertificateCheckBox" android:layout_width="wrap_content" android:layout_height="wrap_content" android:text="@string/http_action_allow_any_certificate" android:layout_marginStart="10dp" android:layout_marginEnd="10dp"/>
        <CheckBox android:id="@+id/followRedirectsCheckbox" android:layout_width="wrap_content" android:layout_height="wrap_content" android:text="@string/http_request_follow_redirects_option" android:layout_marginStart="10dp" android:layout_marginEnd="10dp"/>
        <com.google.android.material.textfield.TextInputLayout android:layout_width="match_parent" android:layout_height="wrap_content" android:layout_marginLeft="@dimen/margin_medium" android:layout_marginTop="@dimen/margin_small" android:layout_marginRight="@dimen/margin_medium" android:layout_weight="1" android:layout_marginHorizontal="@dimen/margin_medium">
            <EditText android:id="@+id/timeoutSecondsText" android:layout_width="match_parent" android:layout_height="wrap_content" android:hint="@string/http_request_timeout_seconds"/>
        </com.google.android.material.textfield.TextInputLayout>
        <TextView android:textColor="@color/actions_accent" android:layout_gravity="center_vertical" android:layout_width="wrap_content" android:layout_height="wrap_content" android:layout_marginLeft="@dimen/margin_medium" android:layout_marginTop="@dimen/margin_medium" android:layout_marginRight="@dimen/margin_medium" android:layout_marginBottom="@dimen/margin_small" android:text="@string/http_request_basic_authorization_title" android:layout_marginHorizontal="@dimen/margin_medium"/>
        <CheckBox android:id="@+id/basicAuthCheckbox" android:layout_width="wrap_content" android:layout_height="wrap_content" android:text="@string/http_request_use_authorization" android:layout_marginStart="10dp" android:layout_marginEnd="10dp"/>
        <LinearLayout android:orientation="horizontal" android:layout_width="match_parent" android:layout_height="wrap_content" android:layout_marginTop="@dimen/margin_small" android:layout_marginEnd="@dimen/margin_medium">
            <com.google.android.material.textfield.TextInputLayout android:layout_width="0dp" android:layout_height="wrap_content" android:layout_weight="1">
                <EditText android:id="@+id/basicAuthUsername" android:layout_width="match_parent" android:layout_height="wrap_content" android:hint="@string/username" android:layout_marginStart="@dimen/margin_medium" android:layout_marginEnd="@dimen/margin_small"/>
            </com.google.android.material.textfield.TextInputLayout>
            <Button android:id="@+id/basicAuthUsernameMagicTextButton" style="@style/MagicTextButton"/>
        </LinearLayout>
        <LinearLayout android:orientation="horizontal" android:layout_width="match_parent" android:layout_height="wrap_content" android:layout_marginEnd="@dimen/margin_medium">
            <com.google.android.material.textfield.TextInputLayout android:layout_width="0dp" android:layout_height="wrap_content" android:layout_weight="1">
                <EditText android:id="@+id/basicAuthPassword" android:layout_width="match_parent" android:layout_height="wrap_content" android:hint="@string/password" android:layout_marginStart="@dimen/margin_medium" android:layout_marginEnd="@dimen/margin_small"/>
            </com.google.android.material.textfield.TextInputLayout>
            <Button android:id="@+id/basicAuthPasswordMagicTextButton" style="@style/MagicTextButton"/>
        </LinearLayout>
        <TextView android:textColor="@color/actions_accent" android:layout_gravity="center_vertical" android:layout_width="wrap_content" android:layout_height="wrap_content" android:layout_marginLeft="@dimen/margin_medium" android:layout_marginTop="@dimen/margin_medium" android:layout_marginRight="@dimen/margin_medium" android:layout_marginBottom="@dimen/margin_small" android:text="@string/http_request_response_title" android:layout_marginHorizontal="@dimen/margin_medium"/>
        <CheckBox android:id="@+id/saveHttpResponseCodeCheckbox" android:layout_width="wrap_content" android:layout_height="wrap_content" android:text="@string/http_request_save_http_return_code_in_variable" android:layout_marginStart="10dp" android:layout_marginEnd="10dp"/>
        <LinearLayout android:orientation="horizontal" android:id="@+id/responseCodeSelectionLayout" android:layout_width="match_parent" android:layout_height="wrap_content" android:layout_marginBottom="@dimen/margin_small" android:layout_marginStart="@dimen/margin_small" android:layout_marginEnd="12dp">
            <com.arlosoft.macrodroid.widget.NDSpinner android:layout_gravity="center_vertical" android:id="@+id/responseCodeVariableSpinner" android:paddingTop="4dp" android:paddingBottom="4dp" android:layout_width="0dp" android:layout_height="wrap_content" android:layout_weight="1" android:layout_marginEnd="@dimen/margin_small"/>
            <Button android:id="@+id/addIntegerVariableButton" android:layout_width="@dimen/special_text_button_width" android:layout_height="wrap_content" android:text="+" style="@style/MagicTextButton"/>
        </LinearLayout>
        <RadioGroup android:layout_width="match_parent" android:layout_height="wrap_content">
            <RadioButton android:id="@+id/dontSaveResponseRadioButton" android:layout_width="wrap_content" android:layout_height="wrap_content" android:text="@string/http_request_dont_save_response" android:layout_marginStart="10dp" android:layout_marginEnd="10dp"/>
            <RadioButton android:id="@+id/saveResponseInVariableRadioButton" android:layout_width="wrap_content" android:layout_height="wrap_content" android:text="@string/action_open_web_page_save_http" android:layout_marginStart="10dp" android:layout_marginEnd="10dp"/>
            <LinearLayout android:orientation="horizontal" android:id="@+id/responseVariableLayout" android:layout_width="match_parent" android:layout_height="wrap_content" android:layout_marginBottom="@dimen/margin_small" android:layout_marginStart="@dimen/margin_small" android:layout_marginEnd="12dp">
                <com.arlosoft.macrodroid.widget.NDSpinner android:layout_gravity="center_vertical" android:id="@+id/httpResponseVariableSpinner" android:paddingTop="4dp" android:paddingBottom="4dp" android:layout_width="0dp" android:layout_height="wrap_content" android:layout_weight="1" android:layout_marginEnd="@dimen/margin_small"/>
                <Button android:id="@+id/addStringVariableButton" android:layout_width="@dimen/special_text_button_width" android:layout_height="wrap_content" android:text="+" style="@style/MagicTextButton"/>
            </LinearLayout>
            <RadioButton android:id="@+id/saveResponseInFileRadioButton" android:layout_width="wrap_content" android:layout_height="wrap_content" android:text="@string/http_request_save_response_in_file" android:layout_marginStart="10dp" android:layout_marginEnd="10dp"/>
        </RadioGroup>
        <LinearLayout android:orientation="vertical" android:id="@+id/responseFileLayout" android:layout_width="match_parent" android:layout_height="wrap_content" android:layout_marginBottom="@dimen/margin_small" android:layout_marginStart="@dimen/margin_small" android:layout_marginEnd="12dp">
            <TextView android:textSize="12sp" android:textColor="@color/actions_accent" android:layout_gravity="center_vertical" android:layout_width="wrap_content" android:layout_height="wrap_content" android:layout_marginLeft="@dimen/margin_medium" android:layout_marginTop="@dimen/margin_medium" android:layout_marginRight="@dimen/margin_medium" android:text="@string/action_file_operation_folder" android:layout_marginHorizontal="@dimen/margin_medium"/>
            <LinearLayout android:orientation="horizontal" android:id="@+id/saveResponsePathLayout" android:layout_width="match_parent" android:layout_height="wrap_content" android:layout_marginLeft="@dimen/margin_medium" android:layout_marginRight="@dimen/margin_medium" android:layout_marginHorizontal="@dimen/margin_medium">
                <TextView android:textSize="16sp" android:layout_gravity="center_vertical" android:id="@+id/saveResponsePath" android:layout_width="0dp" android:layout_height="wrap_content" android:layout_weight="1"/>
                <ImageButton android:id="@+id/selectFolderButton" android:layout_width="@dimen/special_text_button_width" android:layout_height="@dimen/special_text_button_width" android:src="@drawable/ic_mode_edit_white_24dp" app:tint="@color/default_text_color_inverse" style="@style/MagicTextButton"/>
            </LinearLayout>
            <LinearLayout android:orientation="horizontal" android:layout_width="match_parent" android:layout_height="wrap_content" android:layout_marginBottom="@dimen/margin_medium" android:layout_marginEnd="@dimen/margin_medium">
                <com.google.android.material.textfield.TextInputLayout android:layout_width="0dp" android:layout_height="wrap_content" android:layout_weight="1">
                    <EditText android:id="@+id/saveResponseFilename" android:layout_width="match_parent" android:layout_height="wrap_content" android:hint="@string/filename" android:maxLines="1" android:singleLine="true" android:imeOptions="actionDone" android:layout_marginStart="@dimen/margin_medium" android:layout_marginEnd="@dimen/margin_small"/>
                </com.google.android.material.textfield.TextInputLayout>
                <Button android:id="@+id/saveResponseFilenameMagicTextButton" style="@style/MagicTextButton"/>
            </LinearLayout>
        </LinearLayout>
    </LinearLayout>
</ScrollView>
