<?xml version="1.0" encoding="utf-8"?>
<LinearLayout xmlns:android="http://schemas.android.com/apk/res/android" xmlns:app="http://schemas.android.com/apk/res-auto" xmlns:aapt="http://schemas.android.com/aapt" android:orientation="vertical" android:layout_width="match_parent" android:layout_height="match_parent">
    <ScrollView android:layout_width="match_parent" android:layout_height="0dp" android:layout_weight="1">
        <LinearLayout android:orientation="vertical" android:padding="@dimen/margin_medium" android:layout_width="match_parent" android:layout_height="wrap_content">
            <TextView android:layout_width="wrap_content" android:layout_height="wrap_content" android:text="@string/user_generated_content_policy_1"/>
            <TextView android:layout_width="wrap_content" android:layout_height="wrap_content" android:layout_marginTop="@dimen/margin_small" android:text="@string/user_generated_content_policy_2"/>
            <TextView android:layout_width="wrap_content" android:layout_height="wrap_content" android:layout_marginTop="@dimen/margin_small" android:text="@string/user_generated_content_policy_3"/>
            <TextView android:layout_width="wrap_content" android:layout_height="wrap_content" android:layout_marginTop="@dimen/margin_small" android:text="@string/user_generated_content_policy_4"/>
            <TextView android:layout_width="wrap_content" android:layout_height="wrap_content" android:layout_marginTop="@dimen/margin_small" android:text="@string/user_generated_content_policy_5"/>
            <TextView android:layout_width="wrap_content" android:layout_height="wrap_content" android:layout_marginTop="@dimen/margin_small" android:text="@string/user_generated_content_policy_6"/>
        </LinearLayout>
    </ScrollView>
    <LinearLayout android:gravity="end" android:id="@+id/button_bar" android:paddingTop="0dp" android:layout_width="match_parent" android:layout_height="wrap_content">
        <Button android:id="@+id/cancelButton" android:layout_width="wrap_content" android:layout_height="wrap_content" android:minWidth="@dimen/button_bar_button_min_width" android:text="@string/decline" style="?android:attr/buttonBarButtonStyle"/>
        <Button android:id="@+id/okButton" android:layout_width="wrap_content" android:layout_height="wrap_content" android:minWidth="@dimen/button_bar_button_min_width" android:text="@string/accept" style="?android:attr/buttonBarButtonStyle"/>
    </LinearLayout>
</LinearLayout>
