<?xml version="1.0" encoding="utf-8"?>
<LinearLayout xmlns:android="http://schemas.android.com/apk/res/android" xmlns:app="http://schemas.android.com/apk/res-auto" xmlns:aapt="http://schemas.android.com/aapt" android:gravity="center_vertical" android:focusable="false" android:clickable="false" android:clipToPadding="false" android:layout_width="match_parent" android:layout_height="wrap_content" android:baselineAligned="false" android:minHeight="?android:attr/listPreferredItemHeightSmall">
    <LinearLayout android:id="@+id/pref_content_frame" android:background="?android:attr/selectableItemBackground" android:paddingLeft="?android:attr/listPreferredItemPaddingLeft" android:focusable="true" android:clickable="true" android:layout_width="0dp" android:layout_height="wrap_content" android:layout_weight="1" android:paddingStart="?android:attr/listPreferredItemPaddingStart">
        <include layout="@layout/image_frame"/>
        <RelativeLayout android:paddingTop="16dp" android:paddingBottom="16dp" android:layout_width="0dp" android:layout_height="wrap_content" android:layout_weight="1">
            <TextView android:textAppearance="?android:attr/textAppearanceListItem" android:ellipsize="marquee" android:id="@android:id/title" android:layout_width="wrap_content" android:layout_height="wrap_content" android:singleLine="true"/>
            <TextView android:textColor="?android:attr/textColorSecondary" android:id="@android:id/summary" android:layout_width="wrap_content" android:layout_height="wrap_content" android:maxLines="10" android:layout_below="@android:id/title" android:layout_alignLeft="@android:id/title" android:textAlignment="viewStart" android:layout_alignStart="@android:id/title" style="@style/PreferenceSummaryTextStyle"/>
        </RelativeLayout>
    </LinearLayout>
    <View android:id="@+id/pref_separator" android:background="@android:color/darker_gray" android:layout_width="1dp" android:layout_height="match_parent" android:layout_marginTop="16dp" android:layout_marginBottom="16dp"/>
    <LinearLayout android:gravity="right|center_vertical|center_horizontal|center|end" android:orientation="vertical" android:id="@android:id/widget_frame" android:paddingLeft="16dp" android:paddingRight="?android:attr/listPreferredItemPaddingRight" android:focusable="true" android:layout_width="wrap_content" android:layout_height="match_parent" android:paddingStart="16dp" android:paddingEnd="?android:attr/listPreferredItemPaddingEnd"/>
</LinearLayout>
