<?xml version="1.0" encoding="utf-8"?>
<ScrollView xmlns:android="http://schemas.android.com/apk/res/android" xmlns:app="http://schemas.android.com/apk/res-auto" xmlns:aapt="http://schemas.android.com/aapt" android:layout_width="match_parent" android:layout_height="match_parent">
    <LinearLayout android:orientation="vertical" android:layout_width="match_parent" android:layout_height="match_parent">
        <TextView android:textColor="@color/default_text_color_secondary" android:id="@+id/enter_password_dialog_password" android:layout_width="match_parent" android:layout_height="wrap_content" android:layout_margin="@dimen/margin_medium" android:text="@string/constraint_logic_usage_explanation" android:lineSpacingMultiplier="1.1"/>
        <FrameLayout android:id="@+id/exampleContainer" android:background="@color/constraints_primary" android:padding="@dimen/margin_small" android:layout_width="match_parent" android:layout_height="wrap_content" android:layout_marginLeft="@dimen/margin_medium" android:layout_marginRight="@dimen/margin_medium"/>
        <CheckBox android:id="@+id/dontShowAgainCheckbox" android:layout_width="wrap_content" android:layout_height="wrap_content" android:layout_marginLeft="@dimen/margin_medium" android:layout_marginTop="@dimen/margin_medium" android:layout_marginRight="@dimen/margin_medium" android:text="@string/dont_show_this_again"/>
        <LinearLayout android:gravity="end" android:id="@+id/button_bar" android:paddingTop="0dp" android:layout_width="match_parent" android:layout_height="wrap_content">
            <Button android:id="@+id/cancelButton" android:layout_width="wrap_content" android:layout_height="wrap_content" android:minWidth="@dimen/button_bar_button_min_width" android:text="@android:string/cancel" style="?android:attr/buttonBarButtonStyle"/>
            <View android:background="@color/ok_cancel_button_border" android:layout_width="1dp" android:layout_height="match_parent"/>
            <Button android:id="@+id/okButton" android:layout_width="wrap_content" android:layout_height="wrap_content" android:minWidth="@dimen/button_bar_button_min_width" android:text="@android:string/ok" style="?android:attr/buttonBarButtonStyle"/>
        </LinearLayout>
    </LinearLayout>
</ScrollView>
