<?xml version="1.0" encoding="utf-8"?>
<defaultsMap xmlns:android="http://schemas.android.com/apk/res/android" xmlns:app="http://schemas.android.com/apk/res-auto" xmlns:aapt="http://schemas.android.com/aapt">
    <entry>
        <key>iapId
        </key>
        <value>com.arlosoft.macrodroid.pro.h2
        </value>
    </entry>
    <entry>
        <key>iapIdFlashSale
        </key>
        <value>com.arlosoft.macrodroid.pro.flash_sale2
        </value>
    </entry>
    <entry>
        <key>flashSaleDayWait
        </key>
        <value>100
        </value>
    </entry>
    <entry>
        <key>showAnimatedUpgradeBar
        </key>
        <value>false
        </value>
    </entry>
    <entry>
        <key>validatePurchasesFrequencyDays
        </key>
        <value>999999
        </value>
    </entry>
    <entry>
        <key>validatePurchasesEnabled
        </key>
        <value>false
        </value>
    </entry>
    <entry>
        <key>proAdvertImageType
        </key>
        <value>standard
        </value>
    </entry>
    <entry>
        <key>proAdvertCountDownSeconds
        </key>
        <value>10
        </value>
    </entry>
    <entry>
        <key>adverts_blocked_show_own_ad_percent
        </key>
        <value>50
        </value>
    </entry>
    <entry>
        <key>show_pro_upgrade_advert_percent
        </key>
        <value>9
        </value>
    </entry>
    <entry>
        <key>helpTranslateMessage
        </key>
        <value/>
    </entry>
    <entry>
        <key>privacyPolicyLink
        </key>
        <value>www.macrodroid.com/privacypolicy.txt
        </value>
    </entry>
    <entry>
        <key>encourageUpgradeMessageDaysToWait
        </key>
        <value>75
        </value>
    </entry>
    <entry>
        <key>encourageUpgradeMessageVariant
        </key>
        <value>0
        </value>
    </entry>
    <entry>
        <key>proValveEnabled
        </key>
        <value>true
        </value>
    </entry>
</defaultsMap>
