<?xml version="1.0" encoding="utf-8"?>
<ScrollView xmlns:android="http://schemas.android.com/apk/res/android" xmlns:app="http://schemas.android.com/apk/res-auto" xmlns:aapt="http://schemas.android.com/aapt" android:layout_width="match_parent" android:layout_height="match_parent">
    <LinearLayout android:orientation="vertical" android:paddingTop="@dimen/margin_small" android:layout_width="match_parent" android:layout_height="wrap_content">
        <com.google.android.material.textfield.TextInputLayout android:id="@+id/uuid_layout" android:layout_width="match_parent" android:layout_height="wrap_content" android:layout_marginBottom="@dimen/margin_small" android:layout_marginStart="@dimen/margin_medium" android:layout_marginEnd="@dimen/margin_medium">
            <com.google.android.material.textfield.TextInputEditText android:id="@+id/uuid" android:layout_width="match_parent" android:layout_height="wrap_content" android:hint="@string/beacon_uuid"/>
        </com.google.android.material.textfield.TextInputLayout>
        <com.google.android.material.textfield.TextInputLayout android:layout_width="match_parent" android:layout_height="wrap_content" android:layout_marginBottom="@dimen/margin_small" android:layout_marginStart="@dimen/margin_medium" android:layout_marginEnd="@dimen/margin_medium">
            <com.google.android.material.textfield.TextInputEditText android:id="@+id/friendly_name" android:layout_width="match_parent" android:layout_height="wrap_content" android:hint="@string/beacon_name"/>
        </com.google.android.material.textfield.TextInputLayout>
        <LinearLayout android:gravity="end" android:id="@+id/button_bar" android:paddingTop="0dp" android:layout_width="match_parent" android:layout_height="wrap_content">
            <Button android:id="@+id/button_delete" android:layout_width="wrap_content" android:layout_height="wrap_content" android:minWidth="@dimen/button_bar_button_min_width" android:text="@string/delete" style="?android:attr/buttonBarButtonStyle"/>
            <View android:layout_width="0dp" android:layout_height="1dp" android:layout_weight="1"/>
            <Button android:id="@+id/cancelButton" android:layout_width="wrap_content" android:layout_height="wrap_content" android:minWidth="@dimen/button_bar_button_min_width" android:text="@android:string/cancel" style="?android:attr/buttonBarButtonStyle"/>
            <Button android:id="@+id/okButton" android:layout_width="wrap_content" android:layout_height="wrap_content" android:minWidth="@dimen/button_bar_button_min_width" android:text="@android:string/ok" style="?android:attr/buttonBarButtonStyle"/>
        </LinearLayout>
    </LinearLayout>
</ScrollView>
