<?xml version="1.0" encoding="utf-8"?>
<LinearLayout xmlns:android="http://schemas.android.com/apk/res/android" xmlns:app="http://schemas.android.com/apk/res-auto" xmlns:aapt="http://schemas.android.com/aapt" android:orientation="vertical" android:padding="@dimen/margin_tiny" android:layout_width="wrap_content" android:layout_height="match_parent">
    <LinearLayout android:orientation="horizontal" android:layout_width="260dp" android:layout_height="wrap_content">
        <ImageView android:id="@+id/shortcut_icon_configure_icon" android:background="#dddddd" android:padding="@dimen/margin_small" android:layout_width="80dp" android:layout_height="80dp" android:layout_margin="@dimen/margin_medium" android:src="@mipmap/ic_launcher"/>
        <Button android:layout_gravity="center_vertical" android:id="@+id/shortcut_icon_configure_change_button" android:layout_width="wrap_content" android:layout_height="wrap_content" android:text="@string/change" style="@style/Widget.AppCompat.Button.Borderless.Colored"/>
    </LinearLayout>
    <TextView android:layout_width="wrap_content" android:layout_height="wrap_content" android:text="@string/shortcut_icon_warning" android:layout_marginStart="@dimen/margin_medium" android:layout_marginEnd="@dimen/margin_medium"/>
    <LinearLayout android:gravity="end" android:id="@+id/button_bar" android:paddingTop="0dp" android:layout_width="match_parent" android:layout_height="wrap_content">
        <Button android:id="@+id/cancelButton" android:layout_width="wrap_content" android:layout_height="wrap_content" android:minWidth="@dimen/button_bar_button_min_width" android:text="@android:string/cancel" style="?android:attr/buttonBarButtonStyle"/>
        <View android:background="@color/ok_cancel_button_border" android:layout_width="1dp" android:layout_height="match_parent"/>
        <Button android:id="@+id/okButton" android:layout_width="wrap_content" android:layout_height="wrap_content" android:minWidth="@dimen/button_bar_button_min_width" android:text="@android:string/ok" style="?android:attr/buttonBarButtonStyle"/>
    </LinearLayout>
</LinearLayout>
