<?xml version="1.0" encoding="utf-8"?>
<FrameLayout xmlns:android="http://schemas.android.com/apk/res/android" xmlns:app="http://schemas.android.com/apk/res-auto" xmlns:aapt="http://schemas.android.com/aapt" android:background="@color/black" android:layout_width="match_parent" android:layout_height="match_parent">
    <ImageView android:layout_width="match_parent" android:layout_height="match_parent" android:scaleType="centerCrop" app:srcCompat="@drawable/pro_advert_2_bg"/>
    <androidx.constraintlayout.widget.ConstraintLayout android:fitsSystemWindows="true" android:layout_width="match_parent" android:layout_height="match_parent">
        <ImageView android:id="@+id/closeButton" android:padding="8dp" android:focusable="true" android:visibility="invisible" android:clickable="true" android:layout_width="48dp" android:layout_height="48dp" android:layout_marginTop="@dimen/margin_small" android:foreground="?attr/selectableItemBackgroundBorderless" android:src="@drawable/ic_close_circle_outline" android:layout_marginStart="@dimen/margin_small" app:layout_constraintStart_toStartOf="0" app:layout_constraintTop_toTopOf="0"/>
        <ImageView android:id="@+id/countDownBlockClose" android:padding="8dp" android:focusable="true" android:clickable="true" android:layout_width="48dp" android:layout_height="48dp" android:layout_marginTop="@dimen/margin_small" android:foreground="?attr/selectableItemBackgroundBorderless" android:src="@drawable/ic_outline_circle_24" android:layout_marginStart="@dimen/margin_small" app:layout_constraintStart_toStartOf="0" app:layout_constraintTop_toTopOf="0"/>
        <TextView android:textSize="14dp" android:textStyle="bold" android:textColor="@color/white" android:gravity="center" android:id="@+id/countdownText" android:layout_width="20dp" android:layout_height="18dp" android:layout_marginBottom="3dp" android:text="5" android:layout_marginEnd="1dp" app:layout_constraintBottom_toBottomOf="@+id/countDownBlockClose" app:layout_constraintEnd_toEndOf="@+id/countDownBlockClose" app:layout_constraintStart_toStartOf="@+id/countDownBlockClose" app:layout_constraintTop_toTopOf="@+id/countDownBlockClose"/>
        <ImageView android:id="@+id/endButton" android:background="?attr/selectableItemBackgroundBorderless" android:padding="8dp" android:focusable="true" android:visibility="invisible" android:clickable="true" android:layout_width="48dp" android:layout_height="48dp" android:layout_marginTop="@dimen/margin_small" android:src="@drawable/ic_close_circle_outline" android:layout_marginEnd="@dimen/margin_small" app:layout_constraintEnd_toEndOf="0" app:layout_constraintTop_toTopOf="0"/>
        <ImageView android:layout_gravity="center" android:id="@+id/logoImage" android:layout_width="0dp" android:layout_height="0dp" android:layout_margin="@dimen/margin_medium_large" android:layout_marginBottom="@dimen/margin_small" android:src="@drawable/macrodroid_santa" app:layout_constraintBottom_toTopOf="@+id/macroDroidBox" app:layout_constraintEnd_toEndOf="0" app:layout_constraintHorizontal_bias="1" app:layout_constraintStart_toStartOf="0" app:layout_constraintTop_toTopOf="0" app:layout_constraintVertical_bias="0.825"/>
        <LinearLayout android:orientation="vertical" android:id="@+id/macroDroidBox" android:layout_width="wrap_content" android:layout_height="wrap_content" android:layout_marginBottom="@dimen/margin_large" app:layout_constraintBottom_toTopOf="@+id/unlimitedMacrosLabel" app:layout_constraintEnd_toEndOf="0" app:layout_constraintStart_toStartOf="0">
            <TextView android:textSize="34sp" android:textColor="@color/white" android:id="@+id/macrodroidLabel" android:layout_width="wrap_content" android:layout_height="match_parent" android:text="@string/macrodroid" android:textAllCaps="true" android:fontFamily="@font/helvetica"/>
            <TextView android:textSize="24sp" android:textStyle="bold" android:textColor="@color/md_grey_300" android:gravity="bottom" android:layout_gravity="center_horizontal" android:id="@+id/proLabel" android:layout_width="wrap_content" android:layout_height="match_parent" android:layout_marginTop="-2dp" android:text="@string/pro_version_short" android:fontFamily="@font/helvetica" android:layout_marginStart="@dimen/margin_tiny"/>
        </LinearLayout>
        <TextView android:textSize="22sp" android:textColor="@color/white_slight_transparent" android:gravity="center_horizontal" android:id="@+id/unlimitedMacrosLabel" android:layout_width="0dp" android:layout_height="wrap_content" android:layout_marginLeft="@dimen/margin_medium" android:layout_marginRight="@dimen/margin_medium" android:layout_marginBottom="@dimen/margin_medium" android:text="@string/unlimited_number_of_macros" android:maxLines="1" android:fontFamily="@font/proximanova_regular" app:autoSizeMaxTextSize="22sp" app:autoSizeMinTextSize="8sp" app:autoSizeTextType="1" app:layout_constraintBottom_toTopOf="@+id/removeAllAdvertsLabel" app:layout_constraintEnd_toEndOf="0" app:layout_constraintStart_toStartOf="0"/>
        <TextView android:textSize="22sp" android:textColor="@color/white_slight_transparent" android:gravity="center_horizontal" android:id="@+id/removeAllAdvertsLabel" android:layout_width="0dp" android:layout_height="wrap_content" android:layout_marginLeft="@dimen/margin_medium" android:layout_marginRight="@dimen/margin_medium" android:layout_marginBottom="@dimen/margin_medium" android:text="@string/remove_these_adverts" android:maxLines="1" android:fontFamily="@font/proximanova_regular" app:autoSizeMaxTextSize="22sp" app:autoSizeMinTextSize="8sp" app:autoSizeTextType="1" app:layout_constraintBottom_toTopOf="@+id/cloudBackupLabel" app:layout_constraintEnd_toEndOf="0" app:layout_constraintStart_toStartOf="0"/>
        <TextView android:textSize="22sp" android:textColor="@color/white_slight_transparent" android:gravity="center_horizontal" android:id="@+id/cloudBackupLabel" android:layout_width="0dp" android:layout_height="wrap_content" android:layout_marginLeft="@dimen/margin_medium" android:layout_marginRight="@dimen/margin_medium" android:layout_marginBottom="@dimen/margin_medium" android:text="@string/cloud_backup" android:maxLines="1" android:fontFamily="@font/proximanova_regular" app:autoSizeMaxTextSize="22sp" app:autoSizeMinTextSize="8sp" app:autoSizeTextType="1" app:layout_constraintBottom_toTopOf="@+id/joinTheCommunityLabel" app:layout_constraintEnd_toEndOf="0" app:layout_constraintStart_toStartOf="0"/>
        <TextView android:textSize="22sp" android:textColor="@color/white_slight_transparent" android:gravity="center_horizontal" android:id="@+id/joinTheCommunityLabel" android:layout_width="0dp" android:layout_height="wrap_content" android:layout_marginLeft="@dimen/margin_medium" android:layout_marginRight="@dimen/margin_medium" android:layout_marginBottom="@dimen/margin_medium_large" android:text="@string/upgrade_unlimited_no_template_store_title" android:maxLines="1" android:fontFamily="@font/proximanova_regular" app:autoSizeMaxTextSize="22sp" app:autoSizeMinTextSize="8sp" app:autoSizeTextType="1" app:layout_constraintBottom_toTopOf="@+id/oneTimePaymentLabel" app:layout_constraintEnd_toEndOf="0" app:layout_constraintStart_toStartOf="0"/>
        <TextView android:textSize="16sp" android:textColor="@color/white_slight_transparent" android:gravity="center_horizontal" android:id="@+id/oneTimePaymentLabel" android:layout_width="0dp" android:layout_height="wrap_content" android:layout_marginLeft="@dimen/margin_medium" android:layout_marginRight="@dimen/margin_medium" android:layout_marginBottom="@dimen/margin_medium" android:text="@string/one_time_purchase" android:maxLines="1" android:fontFamily="@font/helvetica" app:autoSizeMaxTextSize="16sp" app:autoSizeMinTextSize="8sp" app:autoSizeTextType="1" app:layout_constraintBottom_toTopOf="@+id/upgradeNowButton" app:layout_constraintEnd_toEndOf="0" app:layout_constraintStart_toStartOf="0"/>
        <Button android:textColor="@color/white" android:id="@+id/upgradeNowButton" android:layout_width="0dp" android:layout_height="64dp" android:layout_marginBottom="24dp" android:text="@string/upgrade_now" android:maxLines="1" android:layout_marginStart="32dp" android:layout_marginEnd="32dp" app:autoSizeMaxTextSize="18dp" app:autoSizeMinTextSize="8sp" app:autoSizeTextType="1" app:layout_constraintBottom_toBottomOf="0" app:layout_constraintEnd_toEndOf="0" app:layout_constraintStart_toStartOf="0" style="@style/RoundedButton.Green.24"/>
    </androidx.constraintlayout.widget.ConstraintLayout>
</FrameLayout>
