<?xml version="1.0" encoding="utf-8"?>
<LinearLayout xmlns:android="http://schemas.android.com/apk/res/android" xmlns:app="http://schemas.android.com/apk/res-auto" xmlns:aapt="http://schemas.android.com/aapt" android:orientation="vertical" android:layout_width="match_parent" android:layout_height="match_parent">
    <LinearLayout android:orientation="horizontal" android:padding="12dp" android:layout_width="match_parent" android:layout_height="wrap_content">
        <androidx.appcompat.widget.AppCompatEditText android:id="@+id/configure_log_message_text" android:layout_width="0dp" android:layout_height="wrap_content" android:hint="@string/enter_log_message" android:ems="10" android:singleLine="true" android:layout_weight="1" android:inputType="none"/>
        <Button android:id="@+id/configure_log_message_magic_text_button" style="@style/MagicTextButton"/>
    </LinearLayout>
    <CheckBox android:id="@+id/configure_log_date_and_time" android:layout_width="wrap_content" android:layout_height="wrap_content" android:text="@string/log_date_and_time" android:layout_marginStart="@dimen/margin_small"/>
    <View android:background="@color/ok_cancel_button_border" android:layout_width="match_parent" android:layout_height="1dp" android:layout_marginTop="4dp"/>
    <LinearLayout android:gravity="end" android:id="@+id/button_bar" android:paddingTop="0dp" android:layout_width="match_parent" android:layout_height="wrap_content">
        <Button android:id="@+id/cancelButton" android:layout_width="wrap_content" android:layout_height="wrap_content" android:minWidth="@dimen/button_bar_button_min_width" android:text="@android:string/cancel" style="?android:attr/buttonBarButtonStyle"/>
        <View android:background="@color/ok_cancel_button_border" android:layout_width="1dp" android:layout_height="match_parent"/>
        <Button android:id="@+id/okButton" android:layout_width="wrap_content" android:layout_height="wrap_content" android:minWidth="@dimen/button_bar_button_min_width" android:text="@android:string/ok" style="?android:attr/buttonBarButtonStyle"/>
    </LinearLayout>
</LinearLayout>
