<?xml version="1.0" encoding="utf-8"?>
<vector xmlns:android="http://schemas.android.com/apk/res/android" xmlns:app="http://schemas.android.com/apk/res-auto" xmlns:aapt="http://schemas.android.com/aapt" android:name="fingerprint_error_state_to_fp" android:height="32dp" android:width="32dp" android:viewportWidth="32" android:viewportHeight="32">
    <group android:name="exclamation" android:translateX="16" android:translateY="16">
        <group android:name="group_2">
            <path android:name="path_2" android:fillColor="@color/material_red_500" android:pathData="M 1.35900878906,6.76104736328 c 0.0,0.0 -2.69998168945,0.0 -2.69998168945,0.0 c 0.0,0.0 0.0,-2.69995117188 0.0,-2.69995117188 c 0.0,0.0 2.69998168945,0.0 2.69998168945,0.0 c 0.0,0.0 0.0,2.69995117188 0.0,2.69995117188 Z"/>
            <path android:name="path_1" android:fillColor="@color/material_red_500" android:pathData="M 1.35363769531,1.36633300781 c 0.0,0.0 -2.69998168945,0.0 -2.69998168945,0.0 c 0.0,0.0 0.0,-8.09997558594 0.0,-8.09997558594 c 0.0,0.0 2.69998168945,0.0 2.69998168945,0.0 c 0.0,0.0 0.0,8.09997558594 0.0,8.09997558594 Z"/>
        </group>
    </group>
    <group android:name="circle_outline" android:translateX="16" android:translateY="16">
        <group android:name="group_1" android:scaleX="1.1273" android:scaleY="1.1273" android:rotation="430">
            <path android:name="path_3" android:pathData="M 0.0101470947266,10.8087768555 c -5.96701049805,0.0 -10.8000183105,-4.8330078125 -10.8000183105,-10.8000488281 c 0.0,-5.96691894531 4.8330078125,-10.7999267578 10.8000183105,-10.7999267578 c 5.96697998047,0.0 10.799987793,4.8330078125 10.799987793,10.7999267578 c 0.0,5.96704101562 -4.8330078125,10.8000488281 -10.799987793,10.8000488281 Z" android:strokeColor="@color/material_red_500" android:strokeWidth="2" android:trimPathStart="0" android:trimPathEnd="1"/>
        </group>
    </group>
</vector>
