<?xml version="1.0" encoding="utf-8"?>
<FrameLayout xmlns:android="http://schemas.android.com/apk/res/android" xmlns:app="http://schemas.android.com/apk/res-auto" xmlns:aapt="http://schemas.android.com/aapt" android:layout_width="match_parent" android:layout_height="match_parent">
    <LinearLayout android:orientation="vertical" android:layout_width="match_parent" android:layout_height="match_parent">
        <androidx.appcompat.widget.Toolbar android:theme="@style/Toolbar" android:id="@+id/toolbar" android:layout_width="match_parent" android:layout_height="wrap_content" android:elevation="@dimen/toolbar_elevation" app:titleTextAppearance="@style/TitleToolbarText"/>
        <FrameLayout android:layout_width="match_parent" android:layout_height="match_parent">
            <androidx.recyclerview.widget.RecyclerView android:id="@+id/add_selectable_item_list" android:paddingLeft="@dimen/margin_tiny" android:paddingTop="@dimen/margin_micro" android:paddingRight="@dimen/margin_tiny" android:clipToPadding="false" android:layout_width="match_parent" android:layout_height="match_parent" android:splitMotionEvents="false" android:paddingHorizontal="@dimen/margin_tiny"/>
            <FrameLayout android:id="@+id/content_overlay" android:visibility="gone" android:layout_width="match_parent" android:layout_height="match_parent"/>
        </FrameLayout>
    </LinearLayout>
    <RelativeLayout android:id="@+id/triggerOverlay" android:background="@color/transparent_color" android:visibility="visible" android:layout_width="match_parent" android:layout_height="match_parent"/>
</FrameLayout>
