<?xml version="1.0" encoding="utf-8"?>
<LinearLayout xmlns:android="http://schemas.android.com/apk/res/android" xmlns:app="http://schemas.android.com/apk/res-auto" xmlns:aapt="http://schemas.android.com/aapt" android:layout_gravity="bottom" android:orientation="vertical" android:id="@+id/dialogContent" android:tag="light_theme" android:background="@null" android:layout_width="match_parent" android:layout_height="wrap_content">
    <LinearLayout android:layout_gravity="center" android:orientation="vertical" android:id="@+id/dialogLayout" android:background="@drawable/layout_bg" android:paddingLeft="18dp" android:paddingRight="18dp" android:layout_height="match_parent" android:minWidth="400dp" style="@style/DialogContent">
        <androidx.appcompat.widget.AppCompatTextView android:textAppearance="@style/TextAppearance.DeviceDefault.Widget.ActionBar.Title" android:textSize="20sp" android:textColor="@color/textColor" android:gravity="center" android:layout_gravity="center_horizontal" android:id="@+id/title" android:layout_width="wrap_content" android:layout_height="wrap_content" android:layout_marginTop="24dp"/>
        <androidx.appcompat.widget.AppCompatTextView android:textAppearance="@style/TextAppearance.DeviceDefault.Widget.ActionBar.Subtitle" android:textSize="16sp" android:textColor="@color/textColor" android:gravity="center" android:layout_gravity="center_horizontal" android:id="@+id/subtitle" android:layout_width="wrap_content" android:layout_height="wrap_content" android:layout_marginTop="8dp"/>
        <androidx.appcompat.widget.AppCompatTextView android:textAppearance="@style/TextAppearance.DeviceDefault.Widget.ActionBar.Subtitle" android:textSize="16sp" android:textColor="@color/textColor" android:gravity="center" android:layout_gravity="center_horizontal" android:id="@+id/description" android:layout_width="wrap_content" android:layout_height="wrap_content" android:layout_marginTop="8dp"/>
        <FrameLayout android:id="@+id/auth_content_container" android:layout_width="match_parent" android:layout_height="wrap_content">
            <LinearLayout android:gravity="center" android:orientation="vertical" android:paddingTop="@dimen/fingerprint_status_layout_margin_vertical_top" android:paddingBottom="@dimen/fingerprint_status_layout_margin_vertical_bottom" android:layout_width="match_parent" android:layout_height="wrap_content">
                <dev.skomlach.biometric.compat.impl.dialogs.FingerprintIconView android:id="@+id/fingerprint_icon" android:layout_width="@dimen/fingerprint_icon_size" android:layout_height="@dimen/fingerprint_icon_size"/>
                <androidx.appcompat.widget.AppCompatTextView android:textAppearance="@style/TextAppearance.Small" android:textSize="12sp" android:textColor="@color/textColor" android:gravity="top|center_vertical|center_horizontal|center" android:id="@+id/status" android:layout_width="wrap_content" android:layout_height="wrap_content" android:layout_marginTop="16dp" android:minHeight="32dp" android:maxLines="2"/>
            </LinearLayout>
            <FrameLayout android:id="@+id/auth_preview" android:layout_width="match_parent" android:layout_height="match_parent"/>
        </FrameLayout>
        <LinearLayout android:orientation="horizontal" android:layout_width="match_parent" android:layout_height="wrap_content">
            <LinearLayout android:orientation="horizontal" android:layout_width="match_parent" android:layout_height="wrap_content" android:layout_weight="1">
                <androidx.appcompat.widget.AppCompatButton android:textStyle="bold" android:textColor="@color/material_deep_teal_500" android:gravity="center" android:id="@android:id/button1" android:layout_width="wrap_content" android:layout_height="wrap_content" android:textAllCaps="true" style="@style/Widget.Holo.Button.Borderless.Small"/>
            </LinearLayout>
            <View android:visibility="invisible" android:layout_width="match_parent" android:layout_height="0dp" android:layout_weight="1"/>
        </LinearLayout>
    </LinearLayout>
</LinearLayout>
