<?xml version="1.0" encoding="utf-8"?>
<LinearLayout xmlns:android="http://schemas.android.com/apk/res/android" xmlns:app="http://schemas.android.com/apk/res-auto" xmlns:aapt="http://schemas.android.com/aapt" android:orientation="vertical" android:layout_width="match_parent" android:layout_height="match_parent">
    <LinearLayout android:orientation="horizontal" android:paddingBottom="10dp" android:layout_width="match_parent" android:layout_height="wrap_content" android:paddingStart="10dp" android:paddingEnd="10dp">
        <androidx.appcompat.widget.AppCompatEditText android:id="@+id/sms_number" android:layout_width="0dp" android:layout_height="wrap_content" android:hint="@string/enter_number_here" android:singleLine="true" android:layout_weight="1">
            <requestFocus/>
        </androidx.appcompat.widget.AppCompatEditText>
        <Button android:id="@+id/magic_text_button" style="@style/MagicTextButton"/>
    </LinearLayout>
    <View android:background="@color/ok_cancel_button_border" android:layout_width="match_parent" android:layout_height="1dp" android:layout_marginTop="10dp"/>
    <LinearLayout android:gravity="end" android:id="@+id/button_bar" android:paddingTop="0dp" android:layout_width="match_parent" android:layout_height="wrap_content">
        <Button android:id="@+id/cancelButton" android:layout_width="wrap_content" android:layout_height="wrap_content" android:minWidth="@dimen/button_bar_button_min_width" android:text="@android:string/cancel" style="?android:attr/buttonBarButtonStyle"/>
        <View android:background="@color/ok_cancel_button_border" android:layout_width="1dp" android:layout_height="match_parent"/>
        <Button android:id="@+id/okButton" android:layout_width="wrap_content" android:layout_height="wrap_content" android:minWidth="@dimen/button_bar_button_min_width" android:text="@android:string/ok" style="?android:attr/buttonBarButtonStyle"/>
    </LinearLayout>
</LinearLayout>
