<?xml version="1.0" encoding="utf-8"?>
<ScrollView xmlns:android="http://schemas.android.com/apk/res/android" xmlns:app="http://schemas.android.com/apk/res-auto" xmlns:aapt="http://schemas.android.com/aapt" android:layout_width="match_parent" android:layout_height="match_parent" android:fillViewport="true">
    <LinearLayout android:orientation="vertical" android:paddingTop="@dimen/margin_medium" android:layout_width="match_parent" android:layout_height="wrap_content" android:paddingStart="@dimen/margin_medium" android:paddingEnd="@dimen/margin_medium">
        <com.google.android.material.textfield.TextInputLayout android:layout_width="match_parent" android:layout_height="wrap_content">
            <androidx.appcompat.widget.AppCompatEditText android:id="@+id/identifier" android:layout_width="match_parent" android:layout_height="wrap_content" android:layout_marginTop="@dimen/margin_small" android:layout_marginBottom="@dimen/margin_medium" android:hint="@string/web_url_identifier" android:singleLine="true" android:imeOptions="actionDone"/>
        </com.google.android.material.textfield.TextInputLayout>
        <LinearLayout android:layout_width="match_parent" android:layout_height="wrap_content">
            <TextView android:textSize="12sp" android:textColor="?attr/colorAccent" android:layout_gravity="center_vertical" android:layout_width="wrap_content" android:layout_height="wrap_content" android:text="@string/url"/>
            <Space android:layout_width="0dp" android:layout_height="wrap_content" android:layout_weight="1"/>
            <ImageView android:id="@+id/urlCopyButton" android:background="?android:attr/selectableItemBackground" android:clickable="true" android:layout_width="48dp" android:layout_height="48dp" android:src="@drawable/ic_action_copy_white" android:scaleType="center" android:tint="?attr/colorAccent" android:contentDescription="@string/copy_web_link"/>
            <ImageView android:id="@+id/urlShareButton" android:background="?android:attr/selectableItemBackground" android:clickable="true" android:layout_width="48dp" android:layout_height="48dp" android:src="@drawable/ic_share2_white_24dp" android:scaleType="center" android:tint="?attr/colorAccent" android:contentDescription="@string/share_web_link"/>
        </LinearLayout>
        <TextView android:textStyle="bold" android:textColor="@color/default_text_color" android:id="@+id/urlLinkText" android:layout_width="wrap_content" android:layout_height="wrap_content" android:layout_marginBottom="@dimen/margin_medium"/>
        <LinearLayout android:layout_width="match_parent" android:layout_height="48dp">
            <TextView android:textSize="12sp" android:textColor="?attr/colorAccent" android:layout_gravity="center_vertical" android:layout_width="wrap_content" android:layout_height="wrap_content" android:text="@string/tiny_url"/>
            <Space android:layout_width="0dp" android:layout_height="wrap_content" android:layout_weight="1"/>
            <ImageView android:id="@+id/urlCopyButtonTinyUrl" android:background="?android:attr/selectableItemBackground" android:clickable="true" android:layout_width="48dp" android:layout_height="48dp" android:src="@drawable/ic_action_copy_white" android:scaleType="center" android:tint="?attr/colorAccent" android:contentDescription="@string/copy_web_link"/>
            <ImageView android:id="@+id/urlShareButtonTinyUrl" android:background="?android:attr/selectableItemBackground" android:clickable="true" android:layout_width="48dp" android:layout_height="48dp" android:src="@drawable/ic_share2_white_24dp" android:scaleType="center" android:tint="?attr/colorAccent" android:contentDescription="@string/share_web_link"/>
        </LinearLayout>
        <TextView android:textStyle="bold" android:textColor="@color/default_text_color" android:id="@+id/tinyUrlLinkText" android:layout_width="wrap_content" android:layout_height="wrap_content" android:layout_marginBottom="@dimen/margin_medium"/>
        <TextView android:textSize="12sp" android:textColor="@color/default_text_color" android:layout_width="wrap_content" android:layout_height="wrap_content" android:layout_marginBottom="@dimen/margin_medium" android:text="@string/trigger_web_hook_variables"/>
        <TextView android:textSize="12sp" android:textColor="@color/default_text_color" android:layout_width="wrap_content" android:layout_height="wrap_content" android:layout_marginBottom="@dimen/margin_medium" android:text="@string/trigger_web_hook_variable_dic_array_entry_passing"/>
        <Button android:theme="@style/Theme.App.Trigger.ColoredButton" android:textColor="@color/white" android:id="@+id/tinyUrlButton" android:layout_width="match_parent" android:layout_height="wrap_content" android:text="@string/generate_tiny_url"/>
        <TextView android:textColor="@color/trigger_accent" android:id="@+id/portToNewDeviceButton" android:background="?attr/selectableItemBackground" android:padding="@dimen/margin_small" android:focusable="true" android:clickable="true" android:layout_width="wrap_content" android:layout_height="wrap_content" android:layout_marginTop="@dimen/margin_small" android:text="@string/webhook_trigger_port_to_new_device"/>
        <TextView android:textColor="@color/trigger_accent" android:id="@+id/importFromDeviceButton" android:background="?attr/selectableItemBackground" android:padding="@dimen/margin_small" android:focusable="true" android:clickable="true" android:layout_width="wrap_content" android:layout_height="wrap_content" android:layout_marginTop="@dimen/margin_small" android:text="@string/webhook_trigger_import_from_other_device"/>
        <TextView android:textColor="@color/trigger_accent" android:id="@+id/newDeviceIdButton" android:background="?attr/selectableItemBackground" android:padding="@dimen/margin_small" android:focusable="true" android:clickable="true" android:layout_width="wrap_content" android:layout_height="wrap_content" android:layout_marginTop="@dimen/margin_small" android:text="@string/webhook_trigger_generate_new_device_id"/>
        <include android:orientation="horizontal" android:layout_width="match_parent" android:layout_height="wrap_content" layout="@layout/include_ok_cancel_buttons"/>
    </LinearLayout>
</ScrollView>
