<?xml version="1.0" encoding="utf-8"?>
<LinearLayout xmlns:android="http://schemas.android.com/apk/res/android" xmlns:app="http://schemas.android.com/apk/res-auto" xmlns:aapt="http://schemas.android.com/aapt" android:orientation="vertical" android:layout_width="match_parent" android:layout_height="match_parent">
    <androidx.appcompat.widget.AppCompatEditText android:id="@+id/name" android:layout_width="match_parent" android:layout_height="wrap_content" android:layout_margin="@dimen/margin_medium" android:hint="@string/please_enter_a_name" android:maxLines="1" android:inputType="text">
        <requestFocus/>
    </androidx.appcompat.widget.AppCompatEditText>
    <View android:background="@color/ok_cancel_button_border" android:layout_width="match_parent" android:layout_height="1dp" android:layout_marginTop="8dp"/>
    <LinearLayout android:gravity="end" android:id="@+id/button_bar" android:paddingTop="0dp" android:layout_width="match_parent" android:layout_height="wrap_content">
        <Button android:id="@+id/cancelButton" android:layout_width="wrap_content" android:layout_height="wrap_content" android:minWidth="@dimen/button_bar_button_min_width" android:text="@android:string/cancel" style="?android:attr/buttonBarButtonStyle"/>
        <View android:background="@color/ok_cancel_button_border" android:layout_width="1dp" android:layout_height="match_parent"/>
        <Button android:enabled="false" android:id="@+id/okButton" android:layout_width="wrap_content" android:layout_height="wrap_content" android:minWidth="@dimen/button_bar_button_min_width" android:text="@android:string/ok" style="?android:attr/buttonBarButtonStyle"/>
    </LinearLayout>
</LinearLayout>
