<?xml version="1.0" encoding="utf-8"?>
<androidx.constraintlayout.widget.ConstraintLayout xmlns:android="http://schemas.android.com/apk/res/android" xmlns:app="http://schemas.android.com/apk/res-auto" xmlns:aapt="http://schemas.android.com/aapt" android:orientation="vertical" android:id="@+id/topLevelContainer" android:layout_width="match_parent" android:layout_height="wrap_content" android:foreground="@drawable/select_item_background" android:minHeight="56dp">
    <TextView android:textSize="14sp" android:textColor="#cfffffff" android:id="@+id/macro_edit_entry_comment" android:paddingTop="2dp" android:paddingBottom="2dp" android:visibility="gone" android:clickable="false" android:layout_width="match_parent" android:layout_height="wrap_content" android:layout_weight="1" android:paddingStart="4dp" android:paddingEnd="4dp" app:layout_constraintStart_toStartOf="0" app:layout_constraintTop_toTopOf="0"/>
    <View android:id="@+id/hairline" android:background="@color/hairline" android:visibility="invisible" android:layout_width="1dp" android:layout_height="48dp" android:layout_marginTop="4dp" android:layout_marginBottom="4dp" android:layout_centerVertical="true" android:layout_marginStart="3dp" android:layout_marginEnd="3dp" app:layout_constraintStart_toStartOf="0" app:layout_constraintTop_toBottomOf="@+id/macro_edit_entry_comment"/>
    <View android:id="@+id/start_spacing" android:background="@drawable/constraint_link_end" android:visibility="gone" android:layout_width="24dp" android:layout_height="56dp" android:layout_marginStart="8dp" app:layout_constraintStart_toStartOf="0" app:layout_constraintTop_toBottomOf="@+id/macro_edit_entry_comment"/>
    <View android:id="@+id/constraintLinkUnderAction" android:background="@drawable/constraint_link_action" android:visibility="gone" android:layout_width="24dp" android:layout_height="wrap_content" android:layout_marginStart="8dp" app:layout_constraintBottom_toTopOf="@+id/macro_edit_entry_warning_text" app:layout_constraintStart_toStartOf="0"/>
    <ImageView android:id="@+id/macro_edit_entry_icon" android:padding="10dp" android:layout_width="44dp" android:layout_height="44dp" android:layout_marginTop="4dp" android:layout_marginBottom="4dp" android:scaleType="centerInside" android:layout_centerVertical="true" app:layout_constraintBottom_toTopOf="@+id/macro_edit_entry_warning_text" app:layout_constraintStart_toEndOf="@+id/start_spacing" app:layout_constraintTop_toBottomOf="@+id/macro_edit_entry_comment"/>
    <TextView android:textSize="20dp" android:textStyle="bold" android:textColor="@color/white" android:gravity="center" android:id="@+id/iconText" android:visibility="gone" android:layout_width="44dp" android:layout_height="44dp" android:scaleType="center" android:layout_centerVertical="true" app:layout_constraintBottom_toTopOf="@+id/macro_edit_entry_warning_text" app:layout_constraintStart_toEndOf="@+id/start_spacing" app:layout_constraintTop_toBottomOf="@+id/macro_edit_entry_comment"/>
    <ImageView android:id="@+id/macro_edit_warning_icon" android:visibility="gone" android:layout_width="48dp" android:layout_height="48dp" android:src="@drawable/ic_warning_white_24dp" android:scaleType="center" app:layout_constraintBottom_toTopOf="@+id/macro_edit_entry_warning_text" app:layout_constraintEnd_toStartOf="@+id/collapse_expand_button" app:layout_constraintTop_toBottomOf="@+id/macro_edit_entry_comment"/>
    <ImageView android:id="@+id/collapse_expand_button" android:background="?attr/selectableItemBackgroundBorderless" android:focusable="true" android:visibility="gone" android:clickable="true" android:layout_width="48dp" android:layout_height="48dp" android:src="@drawable/ic_arrow_down" android:scaleType="center" android:alpha="0.7" app:layout_constraintBottom_toTopOf="@+id/macro_edit_entry_warning_text" app:layout_constraintEnd_toStartOf="@+id/dragHandle" app:layout_constraintTop_toBottomOf="@+id/macro_edit_entry_comment"/>
    <ImageView android:id="@+id/dragHandle" android:visibility="gone" android:layout_width="48dp" android:layout_height="48dp" android:src="@drawable/ic_drag_handle_white_24dp" android:scaleType="center" app:layout_constraintBottom_toTopOf="@+id/macro_edit_entry_warning_text" app:layout_constraintEnd_toEndOf="0" app:layout_constraintTop_toBottomOf="@+id/macro_edit_entry_comment"/>
    <TextView android:textAppearance="?android:attr/textAppearanceLarge" android:textSize="18sp" android:textColor="@android:color/white" android:ellipsize="end" android:gravity="left|center_vertical|center_horizontal|center|start" android:layout_gravity="center_vertical" android:id="@+id/macro_edit_entry_name" android:layout_width="0dp" android:layout_height="wrap_content" android:layout_marginTop="2dp" android:singleLine="true" android:layout_weight="1" android:textDirection="locale" android:layout_marginStart="8dp" android:layout_marginEnd="6dp" app:layout_constraintBottom_toTopOf="@+id/macro_edit_entry_detail" app:layout_constraintEnd_toStartOf="@+id/macro_edit_warning_icon" app:layout_constraintStart_toEndOf="@+id/macro_edit_entry_icon" app:layout_constraintTop_toBottomOf="@+id/macro_edit_entry_comment"/>
    <TextView android:textColor="#eeffffff" android:textColorLink="#ffffff" android:ellipsize="end" android:gravity="start" android:id="@+id/macro_edit_entry_detail" android:paddingBottom="@dimen/margin_tiny" android:layout_width="0dp" android:layout_height="wrap_content" android:layout_marginBottom="2dp" android:maxLines="2" android:layout_weight="1" android:textDirection="locale" android:layout_marginStart="8dp" android:layout_marginEnd="6dp" app:layout_constraintBottom_toTopOf="@+id/collapsed_parent_icons" app:layout_constraintEnd_toStartOf="@+id/macro_edit_warning_icon" app:layout_constraintStart_toEndOf="@+id/macro_edit_entry_icon" app:layout_constraintTop_toBottomOf="@+id/macro_edit_entry_name"/>
    <LinearLayout android:orientation="horizontal" android:id="@+id/collapsed_parent_icons" android:visibility="gone" android:layout_width="0dp" android:layout_height="wrap_content" android:layout_marginTop="2dp" android:layout_marginBottom="2dp" android:layout_marginStart="8dp" android:layout_marginEnd="6dp" app:layout_constraintBottom_toTopOf="@+id/macro_edit_entry_warning_text" app:layout_constraintEnd_toStartOf="@+id/macro_edit_warning_icon" app:layout_constraintStart_toEndOf="@+id/macro_edit_entry_icon" app:layout_constraintTop_toBottomOf="@+id/macro_edit_entry_detail"/>
    <TextView android:textSize="14sp" android:textColor="@android:color/white" android:gravity="center_vertical" android:id="@+id/macro_edit_entry_warning_text" android:paddingBottom="8dp" android:visibility="gone" android:layout_width="match_parent" android:layout_height="wrap_content" android:minHeight="48dp" android:textDirection="locale" android:paddingStart="8dp" android:paddingEnd="8dp" app:layout_constraintBottom_toTopOf="@+id/topLevelExtrasContainer"/>
    <FrameLayout android:id="@+id/topLevelExtrasContainer" android:visibility="gone" android:layout_width="match_parent" android:layout_height="wrap_content" app:layout_constraintBottom_toBottomOf="0">
        <View android:id="@+id/macro_edit_entry_extras_joiner" android:background="@drawable/constraint_link_vertical" android:visibility="gone" android:layout_width="24dp" android:layout_height="match_parent" android:layout_marginStart="8dp"/>
        <LinearLayout android:orientation="vertical" android:id="@+id/constraintContainer" android:layout_width="match_parent" android:layout_height="wrap_content"/>
    </FrameLayout>
</androidx.constraintlayout.widget.ConstraintLayout>
