<?xml version="1.0" encoding="utf-8"?>
<androidx.cardview.widget.CardView xmlns:android="http://schemas.android.com/apk/res/android" xmlns:app="http://schemas.android.com/apk/res-auto" xmlns:aapt="http://schemas.android.com/aapt" android:id="@+id/cardView" android:layout_width="match_parent" android:layout_height="wrap_content" android:layout_marginLeft="@dimen/margin_small" android:layout_marginTop="@dimen/margin_small" android:layout_marginRight="@dimen/margin_small" android:foreground="?android:attr/selectableItemBackground" android:layout_marginHorizontal="@dimen/margin_small" app:cardBackgroundColor="@color/card_bg_2" app:cardCornerRadius="8dp" app:cardElevation="3dp">
    <LinearLayout android:orientation="vertical" android:id="@+id/item" android:clipChildren="false" android:layout_width="match_parent" android:layout_height="match_parent">
        <LinearLayout android:orientation="horizontal" android:layout_width="wrap_content" android:layout_height="wrap_content">
            <ImageView android:layout_gravity="center_vertical" android:id="@+id/icon" android:layout_width="20dp" android:layout_height="20dp" android:layout_margin="@dimen/margin_tiny"/>
            <TextView android:textSize="16sp" android:textStyle="bold" android:textColor="@color/white" android:layout_gravity="center_vertical" android:id="@+id/title" android:layout_width="match_parent" android:layout_height="wrap_content" android:layout_marginTop="@dimen/margin_small" android:layout_marginBottom="@dimen/margin_small" android:layout_marginStart="@dimen/margin_micro" android:layout_marginEnd="@dimen/margin_small" android:layout_marginVertical="@dimen/margin_small"/>
        </LinearLayout>
        <TextView android:textSize="14sp" android:textColor="@color/white_slight_transparent" android:id="@+id/updateText" android:paddingLeft="@dimen/margin_small" android:paddingRight="@dimen/margin_small" android:layout_width="wrap_content" android:layout_height="wrap_content" android:layout_marginBottom="@dimen/margin_small" android:paddingHorizontal="@dimen/margin_small"/>
        <FrameLayout android:textSize="12sp" android:id="@+id/userContainer" android:background="@color/card_bg_1" android:padding="8dp" android:focusable="true" android:clickable="true" android:layout_width="match_parent" android:layout_height="match_parent" android:foreground="?android:attr/selectableItemBackground" android:layout_weight="1" android:layout_marginStart="2dp">
            <com.arlosoft.macrodroid.avatar.views.AvatarView android:layout_gravity="left|center_vertical|center_horizontal|center|start" android:id="@+id/avatarImage" android:layout_width="24dp" android:layout_height="24dp" app:av_border_color="@android:color/white" app:av_border_width="1dp" app:av_text_size_percentage="55"/>
            <LinearLayout android:layout_gravity="left|center_vertical|center_horizontal|center|start" android:orientation="horizontal" android:layout_width="match_parent" android:layout_height="wrap_content" android:layout_marginStart="32dp">
                <TextView android:textColor="@android:color/white" android:id="@+id/userNameLabel" android:layout_width="0dp" android:layout_height="wrap_content" android:maxLines="1" android:layout_weight="1" android:fontFamily="@font/helvetica" android:layout_marginEnd="@dimen/margin_small"/>
                <TextView android:textSize="12sp" android:textColor="@android:color/white" android:id="@+id/timeLabel" android:layout_width="wrap_content" android:layout_height="wrap_content" android:maxLines="1"/>
            </LinearLayout>
        </FrameLayout>
    </LinearLayout>
</androidx.cardview.widget.CardView>
