<?xml version="1.0" encoding="utf-8"?>
<LinearLayout xmlns:android="http://schemas.android.com/apk/res/android" xmlns:app="http://schemas.android.com/apk/res-auto" xmlns:aapt="http://schemas.android.com/aapt" android:orientation="vertical" android:layout_width="match_parent" android:layout_height="match_parent">
    <LinearLayout android:orientation="horizontal" android:padding="4dp" android:layout_width="match_parent" android:layout_height="wrap_content">
        <TextView android:textSize="18sp" android:textStyle="bold" android:textColor="@color/default_text_color_full" android:gravity="center_vertical" android:layout_gravity="center_vertical" android:id="@+id/dialogTitle" android:layout_width="0dp" android:layout_height="wrap_content" android:minHeight="48sp" android:text="@string/variable_edit_entry" android:layout_weight="1" android:layout_marginStart="16dp"/>
        <ImageView android:id="@+id/deleteButton" android:background="?attr/selectableItemBackgroundBorderless" android:padding="12dp" android:focusable="true" android:clickable="true" android:layout_width="48dp" android:layout_height="48dp" android:src="@drawable/ic_delete_white_24dp" android:contentDescription="@string/delete_variable"/>
    </LinearLayout>
    <com.google.android.material.textfield.TextInputLayout android:id="@+id/keyNameLayout" android:layout_width="match_parent" android:layout_height="wrap_content" android:layout_marginTop="@dimen/margin_small">
        <androidx.appcompat.widget.AppCompatEditText android:id="@+id/keyName" android:layout_width="match_parent" android:layout_height="wrap_content" android:layout_marginTop="8dp" android:hint="@string/variable_dictionary_key" android:inputType="text" android:layout_marginStart="16dp" android:layout_marginEnd="16dp">
            <requestFocus/>
        </androidx.appcompat.widget.AppCompatEditText>
    </com.google.android.material.textfield.TextInputLayout>
    <LinearLayout android:orientation="horizontal" android:layout_width="match_parent" android:layout_height="wrap_content" android:layout_marginTop="@dimen/margin_medium">
        <TextView android:textSize="16sp" android:layout_width="wrap_content" android:layout_height="wrap_content" android:text="@string/type_colon" android:layout_marginStart="16dp"/>
        <Spinner android:entries="@array/dictionary_entry_types" android:id="@+id/valueTypeSpinner" android:layout_width="wrap_content" android:layout_height="wrap_content" android:layout_marginStart="16dp"/>
    </LinearLayout>
    <LinearLayout android:orientation="vertical" android:id="@+id/booleanValueContainer" android:layout_width="match_parent" android:layout_height="wrap_content" android:layout_marginTop="@dimen/margin_medium">
        <TextView android:textSize="12sp" android:layout_width="wrap_content" android:layout_height="wrap_content" android:text="@string/value" android:layout_marginStart="16dp"/>
        <RadioGroup android:orientation="horizontal" android:paddingLeft="@dimen/margin_medium" android:paddingRight="@dimen/margin_medium" android:layout_width="match_parent" android:layout_height="wrap_content" android:layout_marginTop="@dimen/margin_small">
            <RadioButton android:id="@+id/trueRadio" android:layout_width="wrap_content" android:layout_height="wrap_content" android:text="@string/true_label"/>
            <RadioButton android:id="@+id/falseRadio" android:layout_width="wrap_content" android:layout_height="wrap_content" android:text="@string/false_label" android:layout_marginStart="@dimen/margin_medium"/>
        </RadioGroup>
    </LinearLayout>
    <com.google.android.material.textfield.TextInputLayout android:id="@+id/textValueContainer" android:layout_width="match_parent" android:layout_height="0dp" android:layout_marginTop="@dimen/margin_medium" android:layout_weight="1">
        <androidx.appcompat.widget.AppCompatEditText android:id="@+id/textValue" android:layout_width="match_parent" android:layout_height="wrap_content" android:layout_marginTop="8dp" android:layout_marginBottom="8dp" android:hint="@string/value" android:inputType="text" android:layout_marginStart="16dp" android:layout_marginEnd="16dp"/>
    </com.google.android.material.textfield.TextInputLayout>
    <include layout="@layout/include_ok_cancel_buttons"/>
</LinearLayout>
