<?xml version="1.0" encoding="utf-8"?>
<ScrollView xmlns:android="http://schemas.android.com/apk/res/android" xmlns:app="http://schemas.android.com/apk/res-auto" xmlns:aapt="http://schemas.android.com/aapt" android:layout_width="match_parent" android:layout_height="wrap_content">
    <LinearLayout android:gravity="top" android:orientation="vertical" android:layout_width="match_parent" android:layout_height="wrap_content" android:layout_marginTop="@dimen/margin_medium">
        <TextView android:layout_width="wrap_content" android:layout_height="wrap_content" android:layout_marginLeft="@dimen/margin_medium" android:layout_marginRight="@dimen/margin_medium" android:text="@string/action_json_output_input_dictionary_or_array_variable" android:layout_marginHorizontal="@dimen/margin_medium"/>
        <com.arlosoft.macrodroid.widget.NDSpinner android:layout_gravity="center_vertical" android:id="@+id/dictionaryVariableSpinner" android:layout_width="wrap_content" android:layout_height="wrap_content" android:layout_marginLeft="@dimen/margin_medium" android:layout_marginTop="@dimen/margin_small" android:layout_marginRight="@dimen/margin_medium" android:layout_marginBottom="@dimen/margin_medium_large" android:layout_marginHorizontal="@dimen/margin_medium"/>
        <TextView android:layout_width="wrap_content" android:layout_height="wrap_content" android:layout_marginLeft="@dimen/margin_medium" android:layout_marginRight="@dimen/margin_medium" android:text="@string/action_json_output_output_string_variable" android:layout_marginHorizontal="@dimen/margin_medium"/>
        <LinearLayout android:orientation="horizontal" android:layout_width="match_parent" android:layout_height="wrap_content" android:layout_marginLeft="@dimen/margin_medium" android:layout_marginRight="@dimen/margin_medium" android:layout_marginHorizontal="@dimen/margin_medium">
            <com.arlosoft.macrodroid.widget.NDSpinner android:id="@+id/stringVariableSpinner" android:layout_width="0dp" android:layout_height="wrap_content" android:layout_weight="1"/>
            <Button android:layout_gravity="center_vertical" android:id="@+id/addStringVariableButton" android:layout_width="@dimen/special_text_button_width" android:layout_height="wrap_content" android:text="+" style="@style/MagicTextButton"/>
        </LinearLayout>
        <include layout="@layout/include_ok_cancel_buttons"/>
    </LinearLayout>
</ScrollView>
