<?xml version="1.0" encoding="utf-8"?>
<LinearLayout xmlns:android="http://schemas.android.com/apk/res/android" xmlns:app="http://schemas.android.com/apk/res-auto" xmlns:aapt="http://schemas.android.com/aapt" android:orientation="vertical" android:layout_width="match_parent" android:layout_height="match_parent">
    <p329me.zhanghai.android.materialprogressbar.MaterialProgressBar android:id="@+id/top_progress_bar" style="@style/FirebaseUI.TopProgressBar"/>
    <ScrollView android:clipToPadding="false" android:layout_width="match_parent" android:layout_height="match_parent">
        <LinearLayout android:orientation="vertical" android:layout_height="wrap_content" style="@style/FirebaseUI.WrapperStyle">
            <com.google.android.material.textfield.TextInputLayout android:id="@+id/email_layout" android:layout_width="match_parent" android:layout_height="wrap_content" android:layout_marginTop="@dimen/fui_field_padding_vert" android:labelFor="@+id/email" android:transitionName="@string/fui_email_field_name" android:transitionGroup="true" app:errorEnabled="true" style="@style/FirebaseUI.TextInputLayout.EmailField">
                <com.google.android.material.textfield.TextInputEditText android:id="@+id/email" style="@style/FirebaseUI.TextInputEditText.EmailField"/>
            </com.google.android.material.textfield.TextInputLayout>
            <com.google.android.material.textfield.TextInputLayout android:id="@+id/name_layout" android:layout_width="match_parent" android:layout_height="wrap_content" android:layout_marginTop="@dimen/fui_field_padding_vert" android:labelFor="@+id/name" app:errorEnabled="true" style="@style/FirebaseUI.TextInputLayout.NameField">
                <com.google.android.material.textfield.TextInputEditText android:id="@+id/name" android:layout_width="match_parent" android:layout_height="wrap_content" style="@style/FirebaseUI.TextInputEditText.NameField"/>
            </com.google.android.material.textfield.TextInputLayout>
            <com.google.android.material.textfield.TextInputLayout android:id="@+id/password_layout" android:layout_width="match_parent" android:layout_height="wrap_content" android:layout_marginTop="@dimen/fui_field_padding_vert" app:errorEnabled="true" app:passwordToggleEnabled="true" style="@style/FirebaseUI.TextInputLayout.NewPasswordField">
                <com.google.android.material.textfield.TextInputEditText android:id="@+id/password" style="@style/FirebaseUI.TextInputEditText.PasswordField"/>
            </com.google.android.material.textfield.TextInputLayout>
            <Button android:id="@+id/button_create" android:text="@string/fui_button_text_save" style="@style/FirebaseUI.Button"/>
            <TextView android:id="@+id/email_footer_tos_and_pp_text" style="@style/FirebaseUI.PrivacyFooter"/>
        </LinearLayout>
    </ScrollView>
</LinearLayout>
