<?xml version="1.0" encoding="utf-8"?>
<LinearLayout xmlns:android="http://schemas.android.com/apk/res/android" xmlns:app="http://schemas.android.com/apk/res-auto" xmlns:aapt="http://schemas.android.com/aapt" android:orientation="vertical" android:layout_width="match_parent" android:layout_height="match_parent" android:minWidth="300dp" android:paddingStart="@dimen/margin_medium" android:paddingEnd="@dimen/margin_small">
    <ListView android:id="@+id/list" android:padding="2dp" android:layout_width="match_parent" android:layout_height="0dp" android:layout_marginTop="@dimen/margin_medium" android:layout_weight="1"/>
    <TextView android:textSize="16sp" android:textColor="?attr/colorAccent" android:id="@+id/triggerOptions" android:background="?attr/selectableItemBackground" android:paddingTop="@dimen/margin_medium" android:paddingBottom="@dimen/margin_medium" android:layout_width="wrap_content" android:layout_height="wrap_content" android:text="@string/trigger_options" android:paddingStart="@dimen/margin_small" android:paddingEnd="@dimen/margin_small"/>
    <View android:background="@color/ok_cancel_button_border" android:layout_width="match_parent" android:layout_height="1dp" android:layout_marginTop="4dp"/>
    <LinearLayout android:gravity="end" android:id="@+id/button_bar" android:paddingTop="0dp" android:layout_width="match_parent" android:layout_height="wrap_content">
        <Button android:id="@+id/cancelButton" android:layout_width="wrap_content" android:layout_height="wrap_content" android:minWidth="@dimen/button_bar_button_min_width" android:text="@android:string/cancel" style="?android:attr/buttonBarButtonStyle"/>
        <View android:background="@color/ok_cancel_button_border" android:layout_width="1dp" android:layout_height="match_parent"/>
        <Button android:id="@+id/okButton" android:layout_width="wrap_content" android:layout_height="wrap_content" android:minWidth="@dimen/button_bar_button_min_width" android:text="@android:string/ok" style="?android:attr/buttonBarButtonStyle"/>
    </LinearLayout>
</LinearLayout>
