{"v":"5.5.9","fr":60,"ip":0,"op":41,"w":612,"h":792,"nm":"booking","ddd":0,"assets":[],"layers":[{"ddd":0,"ind":1,"ty":4,"nm":"Layer 1 Outlines","sr":1,"ks":{"o":{"a":0,"k":100,"ix":11},"r":{"a":0,"k":0,"ix":10},"p":{"a":0,"k":[318.924,373.369,0],"ix":2},"a":{"a":0,"k":[90.716,201.883,0],"ix":1},"s":{"a":0,"k":[100,100,100],"ix":6}},"ao":0,"shapes":[{"ty":"gr","it":[{"ind":0,"ty":"sh","ix":1,"ks":{"a":0,"k":{"i":[[-0.006,0.064],[0,0],[-0.04,0.027],[0,0],[-0.046,-0.022],[0,0],[0.033,-0.072],[0.002,-0.004],[0,0],[0.075,0.028]],"o":[[0,0],[0,-0.048],[0,0],[0.042,-0.03],[0,0],[0.072,0.033],[-0.002,0.004],[0,0],[-0.028,0.075],[-0.06,-0.023]],"v":[[-6.174,12.233],[-6.174,-6.261],[-6.111,-6.381],[2.459,-12.375],[2.602,-12.387],[6.076,-10.703],[6.147,-10.513],[6.141,-10.502],[-5.897,12.297],[-6.082,12.381]],"c":true},"ix":2},"nm":"Path 1","mn":"ADBE Vector Shape - Group","hd":false},{"ty":"fl","c":{"a":0,"k":[0.353840397853,0.674405086742,0.806771491556,1],"ix":4},"o":{"a":0,"k":100,"ix":5},"r":1,"bm":0,"nm":"Fill 1","mn":"ADBE Vector Graphic - Fill","hd":false},{"ty":"tr","p":{"a":0,"k":[61.427,184.024],"ix":2},"a":{"a":0,"k":[0,0],"ix":1},"s":{"a":0,"k":[100,100],"ix":3},"r":{"a":0,"k":0,"ix":6},"o":{"a":0,"k":100,"ix":7},"sk":{"a":0,"k":0,"ix":4},"sa":{"a":0,"k":0,"ix":5},"nm":"Transform"}],"nm":"Group 1","np":2,"cix":2,"bm":0,"ix":1,"mn":"ADBE Vector Group","hd":false},{"ty":"gr","it":[{"ind":0,"ty":"sh","ix":1,"ks":{"a":0,"k":{"i":[[0.024,-0.016],[0,0],[0.05,0.038],[0,0],[-0.04,0.07],[-0.07,-0.04],[0,0],[0.03,-0.074]],"o":[[0,0],[-0.05,0.038],[0,0],[-0.07,-0.04],[0.039,-0.07],[0,0],[0.073,0.029],[-0.011,0.026]],"v":[[5.511,1.788],[3.347,3.3],[3.176,3.3],[-5.499,-3.045],[-5.554,-3.244],[-5.356,-3.298],[5.484,1.535],[5.563,1.722]],"c":true},"ix":2},"nm":"Path 1","mn":"ADBE Vector Shape - Group","hd":false},{"ty":"fl","c":{"a":0,"k":[0.353840397853,0.674405086742,0.806771491556,1],"ix":4},"o":{"a":0,"k":100,"ix":5},"r":1,"bm":0,"nm":"Fill 1","mn":"ADBE Vector Graphic - Fill","hd":false},{"ty":"tr","p":{"a":0,"k":[40.545,167.292],"ix":2},"a":{"a":0,"k":[0,0],"ix":1},"s":{"a":0,"k":[100,100],"ix":3},"r":{"a":0,"k":0,"ix":6},"o":{"a":0,"k":100,"ix":7},"sk":{"a":0,"k":0,"ix":4},"sa":{"a":0,"k":0,"ix":5},"nm":"Transform"}],"nm":"Group 2","np":2,"cix":2,"bm":0,"ix":2,"mn":"ADBE Vector Group","hd":false},{"ty":"gr","it":[{"ind":0,"ty":"sh","ix":1,"ks":{"a":0,"k":{"i":[[0,0.092],[0,0],[-0.066,0.045],[0,0],[0.077,0.111],[0.082,-0.002],[0,0],[-0.001,-0.134],[-0.086,-0.039],[0,0],[0.054,-0.123],[0.036,-0.025],[0,0],[-0.052,-0.106],[0,0],[-0.12,0.059]],"o":[[0,0],[0,-0.08],[0,0],[0.111,-0.076],[-0.046,-0.067],[0,0],[-0.134,0.001],[0.001,0.094],[0,0],[0.123,0.055],[-0.018,0.039],[0,0],[-0.098,0.069],[0,0],[0.059,0.121],[0.083,-0.04]],"v":[[-0.199,17.41],[-0.231,-3.157],[-0.126,-3.357],[20.033,-17.242],[20.094,-17.579],[19.89,-17.683],[-19.929,-17.683],[-20.17,-17.438],[-20.027,-17.219],[-6.364,-11.145],[-6.242,-10.824],[-6.324,-10.726],[-12.119,-6.622],[-12.197,-6.319],[-0.661,17.515],[-0.337,17.627]],"c":true},"ix":2},"nm":"Path 1","mn":"ADBE Vector Shape - Group","hd":false},{"ty":"fl","c":{"a":0,"k":[0.353840397853,0.674405086742,0.806771491556,1],"ix":4},"o":{"a":0,"k":100,"ix":5},"r":1,"bm":0,"nm":"Fill 1","mn":"ADBE Vector Graphic - Fill","hd":false},{"ty":"tr","p":{"a":0,"k":[54.258,179.868],"ix":2},"a":{"a":0,"k":[0,0],"ix":1},"s":{"a":0,"k":[100,100],"ix":3},"r":{"a":0,"k":0,"ix":6},"o":{"a":0,"k":100,"ix":7},"sk":{"a":0,"k":0,"ix":4},"sa":{"a":0,"k":0,"ix":5},"nm":"Transform"}],"nm":"Group 3","np":2,"cix":2,"bm":0,"ix":3,"mn":"ADBE Vector Group","hd":false},{"ty":"gr","it":[{"ind":0,"ty":"sh","ix":1,"ks":{"a":0,"k":{"i":[[1.747,3.226],[-2.714,-0.067],[-10.02,0.556],[-0.857,-4.429],[2.149,-0.146],[9.828,-0.389]],"o":[[0.899,-2.563],[10.032,-0.383],[3.735,-0.21],[-2.036,0.756],[-9.815,0.659],[-2.84,0.109]],"v":[[-21.487,1.009],[-15.425,-3.176],[14.652,-4.585],[21.487,1.043],[15.234,3.268],[-14.246,4.686]],"c":true},"ix":2},"nm":"Path 1","mn":"ADBE Vector Shape - Group","hd":false},{"ty":"fl","c":{"a":0,"k":[0.109578764672,0.116168070774,0.146721903483,1],"ix":4},"o":{"a":0,"k":100,"ix":5},"r":1,"bm":0,"nm":"Fill 1","mn":"ADBE Vector Graphic - Fill","hd":false},{"ty":"tr","p":{"a":0,"k":[97.463,120.656],"ix":2},"a":{"a":0,"k":[0,0],"ix":1},"s":{"a":0,"k":[100,100],"ix":3},"r":{"a":0,"k":0,"ix":6},"o":{"a":0,"k":100,"ix":7},"sk":{"a":0,"k":0,"ix":4},"sa":{"a":0,"k":0,"ix":5},"nm":"Transform"}],"nm":"Group 4","np":2,"cix":2,"bm":0,"ix":4,"mn":"ADBE Vector Group","hd":false},{"ty":"gr","it":[{"ind":0,"ty":"sh","ix":1,"ks":{"a":0,"k":{"i":[[-19.348,1.502],[-5.176,-0.952],[-0.926,-0.182],[-2.19,-0.637],[-2.434,-0.675],[-0.604,-6.628],[-0.754,-7.41],[1.888,-5.165],[2.077,-0.321],[1.959,-0.207],[13.511,-1.257],[4.105,0.485],[9.521,1.524],[3.638,1.932],[-0.578,3.013],[-1.043,8.81],[-4.323,2.553]],"o":[[5.171,0.958],[0.928,0.169],[2.256,0.332],[2.405,0.831],[7.206,2.011],[0.675,7.417],[0.575,5.761],[-0.821,2.257],[-1.942,0.304],[-13.502,1.449],[-4.122,0.307],[-9.601,-0.975],[-4.043,-0.789],[-2.705,-1.447],[0.969,-8.82],[0.652,-5.507],[16.666,-9.845]],"v":[[11.286,-34.463],[26.807,-31.597],[29.609,-31.196],[36.287,-29.742],[43.286,-26.635],[53.958,-12.576],[54.818,9.791],[51.782,25.627],[47.838,29.252],[41.959,29.873],[1.454,34.156],[-10.917,33.887],[-39.654,30.386],[-51.239,26.282],[-54.816,18.783],[-51.891,-7.671],[-42.929,-18.714]],"c":true},"ix":2},"nm":"Path 1","mn":"ADBE Vector Shape - Group","hd":false},{"ty":"fl","c":{"a":0,"k":[0.109578764672,0.116168070774,0.146721903483,1],"ix":4},"o":{"a":0,"k":100,"ix":5},"r":1,"bm":0,"nm":"Fill 1","mn":"ADBE Vector Graphic - Fill","hd":false},{"ty":"tr","p":{"a":0,"k":[94.608,75.792],"ix":2},"a":{"a":0,"k":[0,0],"ix":1},"s":{"a":0,"k":[100,100],"ix":3},"r":{"a":0,"k":0,"ix":6},"o":{"a":0,"k":100,"ix":7},"sk":{"a":0,"k":0,"ix":4},"sa":{"a":0,"k":0,"ix":5},"nm":"Transform"}],"nm":"Group 5","np":2,"cix":2,"bm":0,"ix":5,"mn":"ADBE Vector Group","hd":false},{"ty":"gr","it":[{"ind":0,"ty":"sh","ix":1,"ks":{"a":0,"k":{"i":[[0,0],[-83.93,11.007],[0,0],[23.391,-4.815],[46.09,3.439]],"o":[[0,0],[83.931,-11.006],[0,0],[-23.389,4.815],[-46.091,-3.439]],"v":[[-67.762,61.571],[-6.536,-64.323],[76.707,-0.344],[67.075,65.011],[-24.421,71.89]],"c":true},"ix":2},"nm":"Path 1","mn":"ADBE Vector Shape - Group","hd":false},{"ty":"fl","c":{"a":0,"k":[0.353840397853,0.674405086742,0.806771491556,1],"ix":4},"o":{"a":0,"k":100,"ix":5},"r":1,"bm":0,"nm":"Fill 1","mn":"ADBE Vector Graphic - Fill","hd":false},{"ty":"tr","p":{"a":0,"k":[90.716,75.58],"ix":2},"a":{"a":0,"k":[0,0],"ix":1},"s":{"a":0,"k":[100,100],"ix":3},"r":{"a":0,"k":0,"ix":6},"o":{"a":0,"k":100,"ix":7},"sk":{"a":0,"k":0,"ix":4},"sa":{"a":0,"k":0,"ix":5},"nm":"Transform"}],"nm":"Group 6","np":2,"cix":2,"bm":0,"ix":6,"mn":"ADBE Vector Group","hd":false},{"ty":"gr","it":[{"ind":0,"ty":"sh","ix":1,"ks":{"a":0,"k":{"i":[[0,0],[-2.118,-7.401],[0,0],[0,0],[0,0],[-2.123,6.351],[0,0]],"o":[[0,0],[2.117,7.403],[0,0],[0,0],[0,0],[2.123,-6.349],[0,0]],"v":[[-49.745,-49.737],[-49.745,42.334],[-15.349,44.452],[-1.064,-32.809],[10.578,44.452],[49.216,42.334],[51.863,-49.737]],"c":true},"ix":2},"nm":"Path 1","mn":"ADBE Vector Shape - Group","hd":false},{"ty":"fl","c":{"a":0,"k":[0.109578764672,0.116168070774,0.146721903483,1],"ix":4},"o":{"a":0,"k":100,"ix":5},"r":1,"bm":0,"nm":"Fill 1","mn":"ADBE Vector Graphic - Fill","hd":false},{"ty":"tr","p":{"a":0,"k":[98.322,320.606],"ix":2},"a":{"a":0,"k":[0,0],"ix":1},"s":{"a":0,"k":[100,100],"ix":3},"r":{"a":0,"k":0,"ix":6},"o":{"a":0,"k":100,"ix":7},"sk":{"a":0,"k":0,"ix":4},"sa":{"a":0,"k":0,"ix":5},"nm":"Transform"}],"nm":"Group 7","np":2,"cix":2,"bm":0,"ix":7,"mn":"ADBE Vector Group","hd":false},{"ty":"gr","it":[{"ind":0,"ty":"sh","ix":1,"ks":{"a":0,"k":{"i":[[0,0],[17.463,-4.234],[0,0],[-52.39,10.054],[0,0]],"o":[[0,0],[-17.462,4.235],[0,0],[6.349,-12.171],[0,0]],"v":[[-0.177,-19.909],[-19.052,-2.847],[-31.749,9.855],[30.164,9.855],[33.426,-19.093]],"c":true},"ix":2},"nm":"Path 1","mn":"ADBE Vector Shape - Group","hd":false},{"ty":"fl","c":{"a":0,"k":[0.353840397853,0.674405086742,0.806771491556,1],"ix":4},"o":{"a":0,"k":100,"ix":5},"r":1,"bm":0,"nm":"Fill 1","mn":"ADBE Vector Graphic - Fill","hd":false},{"ty":"tr","p":{"a":0,"k":[49.106,383.606],"ix":2},"a":{"a":0,"k":[0,0],"ix":1},"s":{"a":0,"k":[100,100],"ix":3},"r":{"a":0,"k":0,"ix":6},"o":{"a":0,"k":100,"ix":7},"sk":{"a":0,"k":0,"ix":4},"sa":{"a":0,"k":0,"ix":5},"nm":"Transform"}],"nm":"Group 8","np":2,"cix":2,"bm":0,"ix":8,"mn":"ADBE Vector Group","hd":false},{"ty":"gr","it":[{"ind":0,"ty":"sh","ix":1,"ks":{"a":0,"k":{"i":[[0,0],[-17.472,-4.234],[0,0],[52.39,10.054],[0,0]],"o":[[0,0],[17.472,4.235],[0,0],[-6.35,-12.171],[0,0]],"v":[[3.515,-20.288],[19.047,-2.469],[31.747,10.234],[-30.169,10.234],[-35.22,-18.813]],"c":true},"ix":2},"nm":"Path 1","mn":"ADBE Vector Shape - Group","hd":false},{"ty":"fl","c":{"a":0,"k":[0.353840397853,0.674405086742,0.806771491556,1],"ix":4},"o":{"a":0,"k":100,"ix":5},"r":1,"bm":0,"nm":"Fill 1","mn":"ADBE Vector Graphic - Fill","hd":false},{"ty":"tr","p":{"a":0,"k":[144.023,383.228],"ix":2},"a":{"a":0,"k":[0,0],"ix":1},"s":{"a":0,"k":[100,100],"ix":3},"r":{"a":0,"k":0,"ix":6},"o":{"a":0,"k":100,"ix":7},"sk":{"a":0,"k":0,"ix":4},"sa":{"a":0,"k":0,"ix":5},"nm":"Transform"}],"nm":"Group 9","np":2,"cix":2,"bm":0,"ix":9,"mn":"ADBE Vector Group","hd":false},{"ty":"gr","it":[{"ind":0,"ty":"sh","ix":1,"ks":{"a":0,"k":{"i":[[0,0],[-18.065,-2.409],[-17.583,5.781],[0,0]],"o":[[0,0],[18.065,2.409],[17.584,-5.781],[0,0]],"v":[[-65.277,-11.924],[-52.029,9.995],[52.51,9.031],[64.796,-14.813]],"c":true},"ix":2},"nm":"Path 1","mn":"ADBE Vector Shape - Group","hd":false},{"ty":"fl","c":{"a":0,"k":[0.353840397853,0.674405086742,0.806771491556,1],"ix":4},"o":{"a":0,"k":100,"ix":5},"r":1,"bm":0,"nm":"Fill 1","mn":"ADBE Vector Graphic - Fill","hd":false},{"ty":"tr","p":{"a":0,"k":[96.472,260.681],"ix":2},"a":{"a":0,"k":[0,0],"ix":1},"s":{"a":0,"k":[100,100],"ix":3},"r":{"a":0,"k":0,"ix":6},"o":{"a":0,"k":100,"ix":7},"sk":{"a":0,"k":0,"ix":4},"sa":{"a":0,"k":0,"ix":5},"nm":"Transform"}],"nm":"Group 10","np":2,"cix":2,"bm":0,"ix":10,"mn":"ADBE Vector Group","hd":false},{"ty":"gr","it":[{"ind":0,"ty":"sh","ix":1,"ks":{"a":0,"k":{"i":[[1.486,-29.623],[2.083,-4.167],[7.033,7.407],[2.635,15.928],[-3.77,-0.008],[-36.23,-2.042],[-37.334,2.648]],"o":[[-0.087,1.718],[-2.115,4.234],[-7.024,-7.4],[0,0],[0,0],[36.229,2.041],[0,0]],"v":[[70.43,-11.508],[67.253,49.837],[-63.608,54.601],[-71.915,-15.727],[-63.609,-62.001],[-7.279,-57.309],[55.999,-61.188]],"c":true},"ix":2},"nm":"Path 1","mn":"ADBE Vector Shape - Group","hd":false},{"ty":"fl","c":{"a":0,"k":[0.109578764672,0.116168070774,0.146721903483,1],"ix":4},"o":{"a":0,"k":100,"ix":5},"r":1,"bm":0,"nm":"Fill 1","mn":"ADBE Vector Graphic - Fill","hd":false},{"ty":"tr","p":{"a":0,"k":[95.632,194.571],"ix":2},"a":{"a":0,"k":[0,0],"ix":1},"s":{"a":0,"k":[100,100],"ix":3},"r":{"a":0,"k":0,"ix":6},"o":{"a":0,"k":100,"ix":7},"sk":{"a":0,"k":0,"ix":4},"sa":{"a":0,"k":0,"ix":5},"nm":"Transform"}],"nm":"Group 11","np":2,"cix":2,"bm":0,"ix":11,"mn":"ADBE Vector Group","hd":false}],"ip":0,"op":179,"st":0,"bm":0},{"ddd":0,"ind":2,"ty":4,"nm":"Layer 2 Outlines","sr":1,"ks":{"o":{"a":0,"k":100,"ix":11},"r":{"a":1,"k":[{"i":{"x":[0.667],"y":[1]},"o":{"x":[0.333],"y":[0]},"t":0,"s":[-9]},{"i":{"x":[0.667],"y":[1]},"o":{"x":[0.333],"y":[0]},"t":20,"s":[19]},{"t":40,"s":[-9]}],"ix":10},"p":{"a":0,"k":[362.246,334.737,0],"ix":2},"a":{"a":0,"k":[0.975,146.383,0],"ix":1},"s":{"a":0,"k":[100,100,100],"ix":6}},"ao":0,"shapes":[{"ty":"gr","it":[{"ind":0,"ty":"sh","ix":1,"ks":{"a":0,"k":{"i":[[0,0],[-13.839,-8.141],[0,0],[19.134,3.256],[-4.605,6.03],[-2.995,7.84],[-0.547,0.88]],"o":[[0,0],[13.84,8.142],[0,0],[-2.442,-0.407],[0.09,-0.033],[-6.795,1.974],[0.547,-0.881]],"v":[[-20.974,-5.085],[8.743,-18.111],[22.989,8.748],[-5.912,22.997],[-9.835,13.119],[-15.535,3.252],[-22.442,-2.781]],"c":true},"ix":2},"nm":"Path 1","mn":"ADBE Vector Shape - Group","hd":false},{"ty":"fl","c":{"a":0,"k":[0.353840397853,0.674405086742,0.806771491556,1],"ix":4},"o":{"a":0,"k":100,"ix":5},"r":1,"bm":0,"nm":"Fill 1","mn":"ADBE Vector Graphic - Fill","hd":false},{"ty":"tr","p":{"a":0,"k":[140.386,84.771],"ix":2},"a":{"a":0,"k":[0,0],"ix":1},"s":{"a":0,"k":[100,100],"ix":3},"r":{"a":0,"k":0,"ix":6},"o":{"a":0,"k":100,"ix":7},"sk":{"a":0,"k":0,"ix":4},"sa":{"a":0,"k":0,"ix":5},"nm":"Transform"}],"nm":"Group 1","np":2,"cix":2,"bm":0,"ix":1,"mn":"ADBE Vector Group","hd":false},{"ty":"gr","it":[{"ind":0,"ty":"sh","ix":1,"ks":{"a":0,"k":{"i":[[1.267,-1.263],[0,0],[-1.267,-1.266],[0,0],[-4.783,4.783],[4.783,4.783],[0,0]],"o":[[0,0],[-1.267,1.266],[0,0],[4.783,4.783],[4.783,-4.783],[0,0],[-1.265,-1.265]],"v":[[-17.421,-30.164],[-30.16,-17.425],[-30.16,-12.84],[9.323,26.643],[26.644,26.643],[26.644,9.322],[-12.839,-30.16]],"c":true},"ix":2},"nm":"Path 1","mn":"ADBE Vector Shape - Group","hd":false},{"ty":"st","c":{"a":0,"k":[0.026204236348,0.02182188969,0.023235448201,1],"ix":3},"o":{"a":0,"k":100,"ix":4},"w":{"a":0,"k":1,"ix":5},"lc":1,"lj":1,"ml":4,"bm":0,"nm":"Stroke 1","mn":"ADBE Vector Graphic - Stroke","hd":false},{"ty":"fl","c":{"a":0,"k":[0.109578764672,0.116168070774,0.146721903483,1],"ix":4},"o":{"a":0,"k":100,"ix":5},"r":1,"bm":0,"nm":"Fill 1","mn":"ADBE Vector Graphic - Fill","hd":false},{"ty":"tr","p":{"a":0,"k":[141.522,88.473],"ix":2},"a":{"a":0,"k":[0,0],"ix":1},"s":{"a":0,"k":[100,100],"ix":3},"r":{"a":0,"k":0,"ix":6},"o":{"a":0,"k":100,"ix":7},"sk":{"a":0,"k":0,"ix":4},"sa":{"a":0,"k":0,"ix":5},"nm":"Transform"}],"nm":"Group 2","np":3,"cix":2,"bm":0,"ix":2,"mn":"ADBE Vector Group","hd":false},{"ty":"gr","it":[{"ind":0,"ty":"sh","ix":1,"ks":{"a":0,"k":{"i":[[0,0],[0,0],[0,0],[0,0]],"o":[[0,0],[0,0],[0,0],[0,0]],"v":[[-9.138,6.081],[6.082,-9.138],[9.138,-6.081],[-6.081,9.138]],"c":true},"ix":2},"nm":"Path 1","mn":"ADBE Vector Shape - Group","hd":false},{"ty":"st","c":{"a":0,"k":[0.026204236348,0.02182188969,0.023235448201,1],"ix":3},"o":{"a":0,"k":100,"ix":4},"w":{"a":0,"k":1,"ix":5},"lc":1,"lj":1,"ml":4,"bm":0,"nm":"Stroke 1","mn":"ADBE Vector Graphic - Stroke","hd":false},{"ty":"fl","c":{"a":0,"k":[0.109578764672,0.116168070774,0.146721903483,1],"ix":4},"o":{"a":0,"k":100,"ix":5},"r":1,"bm":0,"nm":"Fill 1","mn":"ADBE Vector Graphic - Fill","hd":false},{"ty":"tr","p":{"a":0,"k":[114.259,61.211],"ix":2},"a":{"a":0,"k":[0,0],"ix":1},"s":{"a":0,"k":[100,100],"ix":3},"r":{"a":0,"k":0,"ix":6},"o":{"a":0,"k":100,"ix":7},"sk":{"a":0,"k":0,"ix":4},"sa":{"a":0,"k":0,"ix":5},"nm":"Transform"}],"nm":"Group 3","np":3,"cix":2,"bm":0,"ix":3,"mn":"ADBE Vector Group","hd":false},{"ty":"gr","it":[{"ind":0,"ty":"sh","ix":1,"ks":{"a":0,"k":{"i":[[0,0],[0,0],[0,0],[0,0]],"o":[[0,0],[0,0],[0,0],[0,0]],"v":[[-7.897,4.839],[4.839,-7.896],[7.897,-4.839],[-4.839,7.896]],"c":true},"ix":2},"nm":"Path 1","mn":"ADBE Vector Shape - Group","hd":false},{"ty":"st","c":{"a":0,"k":[0.026204236348,0.02182188969,0.023235448201,1],"ix":3},"o":{"a":0,"k":100,"ix":4},"w":{"a":0,"k":1,"ix":5},"lc":1,"lj":1,"ml":4,"bm":0,"nm":"Stroke 1","mn":"ADBE Vector Graphic - Stroke","hd":false},{"ty":"fl","c":{"a":0,"k":[0.109578764672,0.116168070774,0.146721903483,1],"ix":4},"o":{"a":0,"k":100,"ix":5},"r":1,"bm":0,"nm":"Fill 1","mn":"ADBE Vector Graphic - Fill","hd":false},{"ty":"tr","p":{"a":0,"k":[116.552,63.503],"ix":2},"a":{"a":0,"k":[0,0],"ix":1},"s":{"a":0,"k":[100,100],"ix":3},"r":{"a":0,"k":0,"ix":6},"o":{"a":0,"k":100,"ix":7},"sk":{"a":0,"k":0,"ix":4},"sa":{"a":0,"k":0,"ix":5},"nm":"Transform"}],"nm":"Group 4","np":3,"cix":2,"bm":0,"ix":4,"mn":"ADBE Vector Group","hd":false},{"ty":"gr","it":[{"ind":0,"ty":"sh","ix":1,"ks":{"a":0,"k":{"i":[[0,0],[0,0],[0,0],[0,0],[0,0],[0,0],[0,0],[0,0],[0,0],[0,0],[0,0],[0,0],[0,0],[0,0],[0,0],[0,0],[0,0],[0,0],[0,0],[0,0],[0,0],[0,0],[0,0],[0,0]],"o":[[0,0],[0,0],[0,0],[0,0],[0,0],[0,0],[0,0],[0,0],[0,0],[0,0],[0,0],[0,0],[0,0],[0,0],[0,0],[0,0],[0,0],[0,0],[0,0],[0,0],[0,0],[0,0],[0,0],[0,0]],"v":[[35.887,30.521],[34.87,31.538],[31.577,34.829],[30.563,35.845],[29.546,34.829],[-18.01,-12.729],[-18.38,-12.358],[-19.327,-12.883],[-29.29,-18.394],[-29.652,-18.594],[-29.85,-18.954],[-35.363,-28.918],[-35.887,-29.865],[-35.122,-30.63],[-30.672,-35.081],[-29.906,-35.845],[-28.961,-35.322],[-18.997,-29.809],[-18.635,-29.608],[-18.436,-29.248],[-12.924,-19.285],[-12.401,-18.339],[-12.687,-18.053],[34.87,29.505]],"c":true},"ix":2},"nm":"Path 1","mn":"ADBE Vector Shape - Group","hd":false},{"ind":1,"ty":"sh","ix":2,"ks":{"a":0,"k":{"i":[[0,0],[0,0],[0,0],[0,0],[0,0],[0,0],[0,0],[0,0],[0,0],[0,0]],"o":[[0,0],[0,0],[0,0],[0,0],[0,0],[0,0],[0,0],[0,0],[0,0],[0,0]],"v":[[33.855,30.521],[-14.717,-18.053],[-14.181,-18.59],[-19.693,-28.552],[-29.656,-34.065],[-34.107,-29.613],[-28.594,-19.65],[-18.633,-14.139],[-18.01,-14.759],[30.563,33.814]],"c":true},"ix":2},"nm":"Path 2","mn":"ADBE Vector Shape - Group","hd":false},{"ty":"mm","mm":1,"nm":"Merge Paths 1","mn":"ADBE Vector Filter - Merge","hd":false},{"ty":"fl","c":{"a":0,"k":[0.109578764672,0.116168070774,0.146721903483,1],"ix":4},"o":{"a":0,"k":100,"ix":5},"r":1,"bm":0,"nm":"Fill 1","mn":"ADBE Vector Graphic - Fill","hd":false},{"ty":"tr","p":{"a":0,"k":[88.753,36.096],"ix":2},"a":{"a":0,"k":[0,0],"ix":1},"s":{"a":0,"k":[100,100],"ix":3},"r":{"a":0,"k":0,"ix":6},"o":{"a":0,"k":100,"ix":7},"sk":{"a":0,"k":0,"ix":4},"sa":{"a":0,"k":0,"ix":5},"nm":"Transform"}],"nm":"Group 5","np":4,"cix":2,"bm":0,"ix":5,"mn":"ADBE Vector Group","hd":false},{"ty":"gr","it":[{"ind":0,"ty":"sh","ix":1,"ks":{"a":0,"k":{"i":[[0,0],[0,0],[0,0],[0,0],[0,0],[0,0],[0,0],[0,0],[0,0],[0,0],[0,0],[0,0],[0,0],[0,0],[0,0],[0,0],[0,0],[0,0],[0,0],[0,0],[0,0],[0,0],[0,0],[0,0],[0,0],[0,0]],"o":[[0,0],[0,0],[0,0],[0,0],[0,0],[0,0],[0,0],[0,0],[0,0],[0,0],[0,0],[0,0],[0,0],[0,0],[0,0],[0,0],[0,0],[0,0],[0,0],[0,0],[0,0],[0,0],[0,0],[0,0],[0,0],[0,0]],"v":[[34.934,30.584],[34.425,31.092],[31.132,34.384],[30.624,34.892],[30.117,34.384],[-17.949,-13.682],[-18.061,-13.569],[-18.444,-13.187],[-18.917,-13.448],[-28.88,-18.959],[-29.061,-19.059],[-29.161,-19.24],[-34.672,-29.204],[-34.934,-29.677],[-34.552,-30.059],[-30.1,-34.51],[-29.719,-34.892],[-29.246,-34.63],[-19.283,-29.118],[-19.102,-29.018],[-19.003,-28.837],[-13.49,-18.875],[-13.228,-18.402],[-13.611,-18.02],[-13.64,-17.99],[34.425,30.076]],"c":true},"ix":2},"nm":"Path 1","mn":"ADBE Vector Shape - Group","hd":false},{"ty":"fl","c":{"a":0,"k":[0.109578764672,0.116168070774,0.146721903483,1],"ix":4},"o":{"a":0,"k":100,"ix":5},"r":1,"bm":0,"nm":"Fill 1","mn":"ADBE Vector Graphic - Fill","hd":false},{"ty":"tr","p":{"a":0,"k":[88.691,36.033],"ix":2},"a":{"a":0,"k":[0,0],"ix":1},"s":{"a":0,"k":[100,100],"ix":3},"r":{"a":0,"k":0,"ix":6},"o":{"a":0,"k":100,"ix":7},"sk":{"a":0,"k":0,"ix":4},"sa":{"a":0,"k":0,"ix":5},"nm":"Transform"}],"nm":"Group 6","np":2,"cix":2,"bm":0,"ix":6,"mn":"ADBE Vector Group","hd":false},{"ty":"gr","it":[{"ind":0,"ty":"sh","ix":1,"ks":{"a":0,"k":{"i":[[0,0],[-8.997,1.058],[-66.234,50.583],[0,0],[37.851,-4.223],[-4.435,-15.478],[-1.739,0.217]],"o":[[0,0],[8.998,-1.057],[-10.881,-18.844],[0,0],[0,0],[4.435,15.478],[1.739,-0.218]],"v":[[-38.628,42.945],[-31.749,35.537],[67.376,-16.33],[51.721,-43.305],[-49.867,-6.988],[-62.941,11.87],[-41.464,43.088]],"c":true},"ix":2},"nm":"Path 1","mn":"ADBE Vector Shape - Group","hd":false},{"ty":"fl","c":{"a":0,"k":[0.109578764672,0.116168070774,0.146721903483,1],"ix":4},"o":{"a":0,"k":100,"ix":5},"r":1,"bm":0,"nm":"Fill 1","mn":"ADBE Vector Graphic - Fill","hd":false},{"ty":"tr","p":{"a":0,"k":[67.626,123.21],"ix":2},"a":{"a":0,"k":[0,0],"ix":1},"s":{"a":0,"k":[100,100],"ix":3},"r":{"a":0,"k":0,"ix":6},"o":{"a":0,"k":100,"ix":7},"sk":{"a":0,"k":0,"ix":4},"sa":{"a":0,"k":0,"ix":5},"nm":"Transform"}],"nm":"Group 7","np":2,"cix":2,"bm":0,"ix":7,"mn":"ADBE Vector Group","hd":false}],"ip":0,"op":179,"st":0,"bm":0},{"ddd":0,"ind":3,"ty":4,"nm":"Layer 3 Outlines","sr":1,"ks":{"o":{"a":0,"k":100,"ix":11},"r":{"a":1,"k":[{"i":{"x":[0.667],"y":[1]},"o":{"x":[0.333],"y":[0]},"t":0,"s":[9]},{"i":{"x":[0.667],"y":[1]},"o":{"x":[0.333],"y":[0]},"t":20,"s":[-15]},{"t":40,"s":[9]}],"ix":10},"p":{"a":0,"k":[308.004,351.922,0],"ix":2},"a":{"a":0,"k":[195.073,174.763,0],"ix":1},"s":{"a":0,"k":[100,100,100],"ix":6}},"ao":0,"shapes":[{"ty":"gr","it":[{"ind":0,"ty":"sh","ix":1,"ks":{"a":0,"k":{"i":[[0,0],[13.838,-8.141],[0,0],[-19.134,3.256],[4.606,6.029],[2.993,7.84],[0.547,0.881]],"o":[[0,0],[-13.837,8.141],[0,0],[2.442,-0.406],[-0.089,-0.034],[6.797,1.974],[-0.547,-0.881]],"v":[[20.972,-5.085],[-8.744,-18.111],[-22.989,8.748],[5.912,22.996],[9.834,13.12],[15.536,3.251],[22.442,-2.781]],"c":true},"ix":2},"nm":"Path 1","mn":"ADBE Vector Shape - Group","hd":false},{"ty":"fl","c":{"a":0,"k":[0.353840397853,0.674405086742,0.806771491556,1],"ix":4},"o":{"a":0,"k":100,"ix":5},"r":1,"bm":0,"nm":"Fill 1","mn":"ADBE Vector Graphic - Fill","hd":false},{"ty":"tr","p":{"a":0,"k":[47.058,80.494],"ix":2},"a":{"a":0,"k":[0,0],"ix":1},"s":{"a":0,"k":[100,100],"ix":3},"r":{"a":0,"k":0,"ix":6},"o":{"a":0,"k":100,"ix":7},"sk":{"a":0,"k":0,"ix":4},"sa":{"a":0,"k":0,"ix":5},"nm":"Transform"}],"nm":"Group 1","np":2,"cix":2,"bm":0,"ix":1,"mn":"ADBE Vector Group","hd":false},{"ty":"gr","it":[{"ind":0,"ty":"sh","ix":1,"ks":{"a":0,"k":{"i":[[1.085,-0.831],[1.353,-0.358],[1.405,0.186],[1.257,0.726],[0.831,1.085],[0.358,1.353],[-0.187,1.406],[-0.726,1.256],[-1.085,0.831],[-1.353,0.358],[-1.405,-0.185],[-1.257,-0.725],[-0.831,-1.085],[-0.357,-1.353],[0.185,-1.403],[0.725,-1.257]],"o":[[-1.125,0.863],[-1.353,0.358],[-1.355,-0.178],[-1.256,-0.725],[-0.862,-1.125],[-0.358,-1.353],[0.177,-1.355],[0.725,-1.256],[1.125,-0.864],[1.354,-0.359],[1.355,0.177],[1.256,0.726],[0.863,1.125],[0.357,1.352],[-0.178,1.357],[-0.726,1.256]],"v":[[-29.288,69.837],[-32.407,72.966],[-36.672,71.816],[-41.088,71.823],[-43.289,67.995],[-46.418,64.877],[-45.267,60.611],[-45.275,56.195],[-41.447,53.994],[-38.329,50.865],[-34.063,52.015],[-29.647,52.007],[-27.446,55.836],[-24.317,58.955],[-25.467,63.219],[-25.459,67.636]],"c":true},"ix":2},"nm":"Path 1","mn":"ADBE Vector Shape - Group","hd":false},{"ind":1,"ty":"sh","ix":2,"ks":{"a":0,"k":{"i":[[-0.164,1.255],[-0.649,1.123],[-0.969,0.743],[-1.203,0.322],[-1.255,-0.165],[-1.122,-0.647],[-0.743,-0.969],[-0.322,-1.202],[0.164,-1.254],[0.649,-1.123],[0.97,-0.743],[1.204,-0.322],[1.255,0.164],[1.124,0.649],[0.742,0.969],[0.322,1.204]],"o":[[0.16,-1.21],[0.649,-1.124],[1.005,-0.769],[1.203,-0.323],[1.21,0.159],[1.122,0.648],[0.77,1.005],[0.323,1.204],[-0.159,1.209],[-0.649,1.123],[-1.005,0.769],[-1.204,0.321],[-1.21,-0.159],[-1.123,-0.648],[-0.77,-1.006],[-0.321,-1.204]],"v":[[28.329,-64.887],[28.322,-68.83],[31.741,-70.797],[34.525,-73.589],[38.334,-72.563],[42.277,-72.57],[44.243,-69.152],[47.035,-66.368],[46.008,-62.559],[46.016,-58.615],[42.597,-56.649],[39.813,-53.857],[36.005,-54.883],[32.061,-54.876],[30.096,-58.294],[27.303,-61.079]],"c":true},"ix":2},"nm":"Path 2","mn":"ADBE Vector Shape - Group","hd":false},{"ind":2,"ty":"sh","ix":3,"ks":{"a":0,"k":{"i":[[0,0],[0,0],[0.641,7.556],[7.555,-0.641],[-0.641,-7.555],[-0.691,-1.471],[0,0],[0.104,-8.846],[-8.846,-0.104],[-0.103,8.845],[1.5,2.528]],"o":[[0,0],[7.554,-0.642],[-0.641,-7.554],[-7.555,0.641],[0.138,1.619],[0,0],[-8.846,-0.103],[-0.103,8.845],[8.845,0.104],[0.034,-2.939],[0,0]],"v":[[-21.595,53.752],[38.334,-50.045],[50.852,-64.887],[36.01,-77.405],[23.492,-62.564],[24.745,-57.891],[-35.186,45.91],[-51.39,61.739],[-35.561,77.942],[-19.358,62.114],[-21.598,53.756]],"c":true},"ix":2},"nm":"Path 3","mn":"ADBE Vector Shape - Group","hd":false},{"ty":"mm","mm":1,"nm":"Merge Paths 1","mn":"ADBE Vector Filter - Merge","hd":false},{"ty":"st","c":{"a":0,"k":[0.026204236348,0.02182188969,0.023235448201,1],"ix":3},"o":{"a":0,"k":100,"ix":4},"w":{"a":0,"k":1,"ix":5},"lc":1,"lj":1,"ml":4,"bm":0,"nm":"Stroke 1","mn":"ADBE Vector Graphic - Stroke","hd":false},{"ty":"fl","c":{"a":0,"k":[0.109578764672,0.116168070774,0.146721903483,1],"ix":4},"o":{"a":0,"k":100,"ix":5},"r":1,"bm":0,"nm":"Fill 1","mn":"ADBE Vector Graphic - Fill","hd":false},{"ty":"tr","p":{"a":0,"k":[52.493,79.046],"ix":2},"a":{"a":0,"k":[0,0],"ix":1},"s":{"a":0,"k":[100,100],"ix":3},"r":{"a":0,"k":0,"ix":6},"o":{"a":0,"k":100,"ix":7},"sk":{"a":0,"k":0,"ix":4},"sa":{"a":0,"k":0,"ix":5},"nm":"Transform"}],"nm":"Group 2","np":6,"cix":2,"bm":0,"ix":2,"mn":"ADBE Vector Group","hd":false},{"ty":"gr","it":[{"ind":0,"ty":"sh","ix":1,"ks":{"a":0,"k":{"i":[[0,0],[54.32,58.564],[0,-6.878],[-49.205,-15.355],[-2.073,12.783],[0,0]],"o":[[-2.358,0.997],[-5.251,4.919],[0,6.878],[0,0],[2.074,-12.782],[0,0]],"v":[[46.562,-3.509],[-34.633,-52.784],[-57.347,-30.404],[38.411,42.616],[55.273,40],[53.434,-0.956]],"c":true},"ix":2},"nm":"Path 1","mn":"ADBE Vector Shape - Group","hd":false},{"ty":"fl","c":{"a":0,"k":[0.109578764672,0.116168070774,0.146721903483,1],"ix":4},"o":{"a":0,"k":100,"ix":5},"r":1,"bm":0,"nm":"Fill 1","mn":"ADBE Vector Graphic - Fill","hd":false},{"ty":"tr","p":{"a":0,"k":[104.548,130.493],"ix":2},"a":{"a":0,"k":[0,0],"ix":1},"s":{"a":0,"k":[100,100],"ix":3},"r":{"a":0,"k":0,"ix":6},"o":{"a":0,"k":100,"ix":7},"sk":{"a":0,"k":0,"ix":4},"sa":{"a":0,"k":0,"ix":5},"nm":"Transform"}],"nm":"Group 3","np":2,"cix":2,"bm":0,"ix":3,"mn":"ADBE Vector Group","hd":false}],"ip":0,"op":179,"st":0,"bm":0}],"markers":[]}