<?xml version="1.0" encoding="utf-8"?>
<LinearLayout xmlns:android="http://schemas.android.com/apk/res/android" xmlns:app="http://schemas.android.com/apk/res-auto" xmlns:aapt="http://schemas.android.com/aapt" android:orientation="vertical" android:layout_width="match_parent" android:layout_height="match_parent" android:animateLayoutChanges="true">
    <androidx.cardview.widget.CardView android:layout_gravity="center" android:id="@+id/infoCardView" android:layout_width="match_parent" android:layout_height="wrap_content" android:layout_marginLeft="@dimen/margin_small" android:layout_marginTop="@dimen/margin_small" android:layout_marginRight="@dimen/margin_small" android:layout_marginBottom="@dimen/margin_small" app:cardBackgroundColor="@color/primary" app:cardCornerRadius="8dp">
        <LinearLayout android:orientation="vertical" android:id="@+id/info_card" android:paddingTop="@dimen/margin_medium" android:paddingBottom="@dimen/margin_tiny" android:layout_width="match_parent" android:layout_height="wrap_content" android:paddingStart="@dimen/margin_medium" android:paddingEnd="@dimen/margin_medium">
            <TextView android:textColor="@color/white" android:id="@+id/infoCardTitle" android:layout_width="match_parent" android:layout_height="match_parent" android:text="@string/icon_packs" style="@style/InfoCardText.Title"/>
            <TextView android:textColor="@color/white" android:id="@+id/infoCardDetail" android:layout_width="match_parent" android:layout_height="match_parent" android:layout_marginTop="@dimen/margin_small" android:text="@string/icon_pack_info" android:lineSpacingMultiplier="1.1" style="@style/InfoCardText"/>
            <LinearLayout android:layout_gravity="end" android:orientation="horizontal" android:layout_width="wrap_content" android:layout_height="wrap_content">
                <Button android:textStyle="bold" android:textColor="@android:color/white" android:gravity="center_vertical" android:id="@+id/info_card_search" android:background="?attr/selectableItemBackgroundBorderless" android:layout_width="wrap_content" android:layout_height="wrap_content" android:text="@string/search" android:drawablePadding="@dimen/margin_small" android:drawableStart="@drawable/material_ic_search_24px_svg" android:paddingEnd="@dimen/margin_medium" style="@style/InfoCardText.GotIt"/>
                <Button android:textStyle="bold" android:textColor="@android:color/white" android:gravity="center_vertical" android:layout_gravity="end" android:id="@+id/infoCardGotIt" android:background="?attr/selectableItemBackgroundBorderless" android:layout_width="wrap_content" android:layout_height="wrap_content" android:layout_marginTop="@dimen/margin_small" android:text="@string/got_it" android:drawablePadding="@dimen/margin_small" android:drawableStart="@drawable/ic_check_white_24dp" android:paddingEnd="@dimen/margin_medium" style="@style/InfoCardText.GotIt"/>
            </LinearLayout>
        </LinearLayout>
    </androidx.cardview.widget.CardView>
    <LinearLayout android:gravity="center_horizontal" android:orientation="vertical" android:layout_width="match_parent" android:layout_height="0dp" android:layout_weight="1">
        <androidx.appcompat.widget.SearchView android:id="@+id/searchView" android:layout_width="match_parent" android:layout_height="wrap_content" app:iconifiedByDefault="false" app:queryHint="@string/icon_search_english_only_hint"/>
        <com.google.android.material.tabs.TabLayout android:id="@+id/tabs" android:layout_width="match_parent" android:layout_height="wrap_content" app:tabGravity="0" app:tabMode="0"/>
        <androidx.viewpager.widget.ViewPager android:id="@+id/select_icon_top_level_view_pager" android:background="@color/black" android:layout_width="match_parent" android:layout_height="match_parent"/>
    </LinearLayout>
    <TextView android:textColor="@color/black" android:gravity="center" android:id="@+id/toggle_bg_color" android:background="@color/icon_picker_select_bg" android:layout_width="match_parent" android:layout_height="48dp" android:foreground="?attr/selectableItemBackground" android:text="@string/toggle_background_colour"/>
</LinearLayout>
