<?xml version="1.0" encoding="utf-8"?>
<ScrollView xmlns:android="http://schemas.android.com/apk/res/android" xmlns:app="http://schemas.android.com/apk/res-auto" xmlns:aapt="http://schemas.android.com/aapt" android:layout_width="match_parent" android:layout_height="wrap_content">
    <LinearLayout android:orientation="vertical" android:padding="16dp" android:layout_width="match_parent" android:layout_height="wrap_content">
        <com.jaredrummler.android.colorpicker.NestedGridView android:id="@+id/gridView" android:clickable="false" android:layout_width="match_parent" android:layout_height="wrap_content" android:listSelector="@android:color/transparent" android:cacheColorHint="@android:color/transparent" android:horizontalSpacing="4dp" android:verticalSpacing="8dp" android:stretchMode="spacingWidthUniform" android:columnWidth="@dimen/cpv_column_width" android:numColumns="auto_fit"/>
        <View android:id="@+id/shades_divider" android:background="?android:attr/dividerVertical" android:layout_width="match_parent" android:layout_height="1dp" android:layout_marginTop="12dp" android:layout_marginBottom="12dp"/>
        <HorizontalScrollView android:scrollbars="none" android:layout_width="match_parent" android:layout_height="wrap_content" android:overScrollMode="never">
            <LinearLayout android:orientation="horizontal" android:id="@+id/shades_layout" android:layout_width="wrap_content" android:layout_height="wrap_content" android:layout_marginLeft="4dp" android:layout_marginRight="4dp"/>
        </HorizontalScrollView>
        <TextView android:id="@+id/transparency_title" android:layout_width="wrap_content" android:layout_height="wrap_content" android:layout_margin="12dp" android:text="@string/cpv_transparency"/>
        <LinearLayout android:orientation="horizontal" android:id="@+id/transparency_layout" android:layout_width="match_parent" android:layout_height="wrap_content" android:weightSum="100">
            <SeekBar android:layout_gravity="center_vertical" android:id="@+id/transparency_seekbar" android:layout_width="0dp" android:layout_height="wrap_content" android:layout_marginRight="4dp" android:layout_weight="85"/>
            <TextView android:typeface="monospace" android:textStyle="bold" android:layout_gravity="center_vertical" android:id="@+id/transparency_text" android:layout_width="0dp" android:layout_height="wrap_content" android:layout_weight="15"/>
        </LinearLayout>
    </LinearLayout>
</ScrollView>
