<?xml version="1.0" encoding="utf-8"?>
<ScrollView xmlns:android="http://schemas.android.com/apk/res/android" xmlns:app="http://schemas.android.com/apk/res-auto" xmlns:aapt="http://schemas.android.com/aapt" android:layout_width="match_parent" android:layout_height="wrap_content">
    <LinearLayout android:orientation="vertical" android:layout_width="match_parent" android:layout_height="wrap_content" android:layout_marginStart="@dimen/margin_small" android:layout_marginEnd="@dimen/margin_small">
        <LinearLayout android:orientation="horizontal" android:padding="6dp" android:layout_width="match_parent" android:layout_height="wrap_content">
            <com.arlosoft.macrodroid.widget.ToggleButtonGroupTableLayout android:layout_gravity="center_horizontal" android:layout_width="match_parent" android:layout_height="wrap_content">
                <TableRow>
                    <RadioButton android:id="@+id/sms_content_dialog_any_radio_button" android:layout_width="wrap_content" android:layout_height="wrap_content" android:checked="true" android:text="@string/any" android:layout_weight="1"/>
                    <RadioButton android:id="@+id/sms_content_dialog_matches_radio_button" android:layout_width="wrap_content" android:layout_height="wrap_content" android:checked="false" android:text="@string/matches" android:layout_weight="1"/>
                </TableRow>
                <TableRow>
                    <RadioButton android:id="@+id/sms_content_dialog_contains_radio_button" android:layout_width="wrap_content" android:layout_height="wrap_content" android:checked="false" android:text="@string/contains" android:layout_weight="1"/>
                    <RadioButton android:id="@+id/sms_content_dialog_excludes_radio_button" android:layout_width="wrap_content" android:layout_height="wrap_content" android:checked="false" android:text="@string/excludes" android:layout_weight="1"/>
                </TableRow>
            </com.arlosoft.macrodroid.widget.ToggleButtonGroupTableLayout>
        </LinearLayout>
        <LinearLayout android:orientation="horizontal" android:layout_width="match_parent" android:layout_height="wrap_content">
            <androidx.appcompat.widget.AppCompatEditText android:enabled="false" android:id="@+id/sms_content_dialog_text_content" android:layout_width="0dp" android:layout_height="wrap_content" android:layout_margin="6dp" android:hint="@string/enter_text_to_match" android:singleLine="true" android:layout_weight="1">
                <requestFocus/>
            </androidx.appcompat.widget.AppCompatEditText>
            <Button android:id="@+id/special_text_button" style="@style/MagicTextButton"/>
        </LinearLayout>
        <TextView android:id="@+id/notification_text_dialog_wildcards_info" android:layout_width="wrap_content" android:layout_height="wrap_content" android:layout_marginBottom="@dimen/margin_small" android:text="@string/wildcards_supported" android:layout_marginStart="12dp"/>
        <CheckBox android:id="@+id/enable_regex" android:layout_width="wrap_content" android:layout_height="wrap_content" android:layout_marginBottom="@dimen/margin_small" android:checked="false" android:text="@string/enable_regular_expression_matching" android:layout_marginStart="4dp"/>
        <CheckBox android:id="@+id/monitorInboxCheckbox" android:visibility="gone" android:layout_width="wrap_content" android:layout_height="wrap_content" android:text="@string/monitor_inbox" android:layout_marginStart="4dp"/>
        <TextView android:id="@+id/monitorInboxSummary" android:visibility="gone" android:layout_width="wrap_content" android:layout_height="wrap_content" android:layout_marginLeft="12dp" android:layout_marginRight="12dp" android:text="@string/monitor_inbox_summary"/>
        <include layout="@layout/include_ok_cancel_buttons"/>
    </LinearLayout>
</ScrollView>
