<?xml version="1.0" encoding="utf-8"?>
<LinearLayout xmlns:android="http://schemas.android.com/apk/res/android" xmlns:app="http://schemas.android.com/apk/res-auto" xmlns:aapt="http://schemas.android.com/aapt" android:orientation="vertical" android:paddingTop="@dimen/margin_small" android:layout_width="match_parent" android:layout_height="match_parent" android:paddingStart="@dimen/margin_medium" android:paddingEnd="@dimen/margin_medium">
    <ScrollView android:layout_width="match_parent" android:layout_height="0dp" android:layout_weight="1">
        <LinearLayout android:orientation="vertical" android:layout_width="match_parent" android:layout_height="match_parent">
            <LinearLayout android:orientation="horizontal" android:layout_width="match_parent" android:layout_height="wrap_content" android:layout_marginStart="@dimen/margin_tiny">
                <TextView android:textColor="@color/default_text_color" android:layout_gravity="center_vertical" android:layout_width="wrap_content" android:layout_height="wrap_content" android:text="@string/zone_name"/>
                <TextView android:textSize="20sp" android:textColor="?attr/colorAccent" android:id="@+id/zone_name_button" android:background="?android:attr/selectableItemBackground" android:padding="@dimen/margin_tiny" android:focusable="true" android:clickable="true" android:layout_width="wrap_content" android:layout_height="wrap_content" android:layout_marginStart="@dimen/margin_tiny"/>
            </LinearLayout>
            <RadioGroup android:layout_width="wrap_content" android:layout_height="wrap_content" android:layout_marginTop="@dimen/margin_tiny">
                <RadioButton android:id="@+id/area_inside_option" android:layout_width="wrap_content" android:layout_height="wrap_content" android:text="@string/constraint_geofence_option_inside_area"/>
                <RadioButton android:id="@+id/area_outside_option" android:layout_width="wrap_content" android:layout_height="wrap_content" android:layout_marginTop="@dimen/margin_tiny" android:text="@string/constraint_geofence_option_outside_area"/>
            </RadioGroup>
            <CheckBox android:id="@+id/location_unknown_checkbox" android:layout_width="wrap_content" android:layout_height="wrap_content" android:layout_marginTop="@dimen/margin_medium" android:text="@string/constraint_geofence_option_allow_unknown"/>
            <LinearLayout android:id="@+id/update_rate_container" android:visibility="gone" android:layout_width="match_parent" android:layout_height="wrap_content" android:layout_marginTop="@dimen/margin_medium" android:layout_marginStart="@dimen/margin_tiny">
                <TextView android:textColor="@color/default_text_color" android:layout_width="wrap_content" android:layout_height="wrap_content" android:text="@string/location_update_rate"/>
                <TextView android:textColor="?attr/colorAccent" android:id="@+id/update_frequency_link" android:background="@drawable/select_item_background" android:clickable="true" android:layout_width="wrap_content" android:layout_height="wrap_content" android:layout_marginStart="@dimen/margin_medium"/>
            </LinearLayout>
            <TextView android:id="@+id/update_rate_description" android:background="@drawable/select_item_background" android:visibility="gone" android:layout_width="wrap_content" android:layout_height="wrap_content" android:layout_marginTop="@dimen/margin_medium" android:text="@string/update_rate_battery_drain" android:layout_marginStart="@dimen/margin_tiny"/>
            <TextView android:textStyle="bold" android:textColor="@color/default_text_color" android:id="@+id/update_rate_warning" android:background="@drawable/select_item_background" android:visibility="visible" android:layout_width="wrap_content" android:layout_height="wrap_content" android:layout_marginTop="@dimen/margin_medium" android:text="@string/constraint_geofence_latency_warning" android:layout_marginStart="@dimen/margin_tiny"/>
        </LinearLayout>
    </ScrollView>
    <include layout="@layout/include_ok_cancel_buttons"/>
</LinearLayout>
