<?xml version="1.0" encoding="utf-8"?>
<FrameLayout xmlns:android="http://schemas.android.com/apk/res/android" xmlns:app="http://schemas.android.com/apk/res-auto" xmlns:aapt="http://schemas.android.com/aapt" android:id="@+id/pref_master_switch_view" android:focusable="true" android:clickable="true" android:layout_width="match_parent" android:layout_height="wrap_content" android:foreground="?android:attr/selectableItemBackground">
    <LinearLayout android:gravity="center_vertical" android:id="@+id/master_switch_container" android:paddingLeft="?android:attr/listPreferredItemPaddingLeft" android:paddingRight="?android:attr/listPreferredItemPaddingRight" android:clipToPadding="false" android:layout_width="match_parent" android:layout_height="wrap_content" android:baselineAligned="false" android:minHeight="?android:attr/listPreferredItemHeightSmall" android:paddingStart="?android:attr/listPreferredItemPaddingStart" android:paddingEnd="?android:attr/listPreferredItemPaddingEnd">
        <include layout="@layout/image_frame"/>
        <RelativeLayout android:paddingTop="16dp" android:paddingBottom="16dp" android:layout_width="0dp" android:layout_height="wrap_content" android:layout_weight="1">
            <TextView android:textAppearance="?attr/pref_masterSwitchTextAppearance" android:ellipsize="marquee" android:id="@android:id/title" android:layout_width="wrap_content" android:layout_height="wrap_content" android:singleLine="true"/>
        </RelativeLayout>
        <LinearLayout android:gravity="right|center_vertical|center_horizontal|center|end" android:orientation="vertical" android:id="@android:id/widget_frame" android:paddingLeft="16dp" android:layout_width="wrap_content" android:layout_height="match_parent" android:paddingStart="16dp">
            <androidx.appcompat.widget.SwitchCompat android:id="@+id/switchWidget" android:focusable="false" android:clickable="false" android:layout_width="wrap_content" android:layout_height="wrap_content"/>
        </LinearLayout>
    </LinearLayout>
</FrameLayout>
